filed,accession,issuer_cik,issuer_name,symbol,insider,role,trade_date,shares,price,value
2026-08-26,0001214659-26-010931,0000102109,"UNIVERSAL SAFETY PRODUCTS, INC.",UUU,AULT MILTON C III,"Director, 10% owner",2026-08-24,10000.0,6.5904,65904.0
2026-08-26,0001214659-26-010931,0000102109,"UNIVERSAL SAFETY PRODUCTS, INC.",UUU,AULT MILTON C III,"Director, 10% owner",2026-08-25,8729.0,6.0344,52674.2776
2026-08-26,0001214659-26-010931,0000102109,"UNIVERSAL SAFETY PRODUCTS, INC.",UUU,AULT MILTON C III,"Director, 10% owner",2026-08-26,10000.0,6.0782,60782.0
2026-08-26,0002051327-26-000018,0000711669,COLONY BANKCORP INC,CBAN,Canup Edward G,CHIEF BANKING OFFICER,2026-08-26,1000.0,21.2,21200.0
2026-08-26,0000723188-26-000106,0000723188,"COMMUNITY FINANCIAL SYSTEM, INC.",CBU,Hall Brenda M,Director,2026-08-24,476.0,63.5946,30271.0296
2026-08-26,0001236030-26-000008,0000725363,CEL SCI CORP,CVM,KERSTEN GEERT R,"Director, Chief Executive Officer",2026-08-25,100000.0,1.38,138000.0
2026-08-26,0001225208-26-007337,0000885725,BOSTON SCIENTIFIC CORP,BSX,Morano Susan E,Director,2026-08-25,2040.0,49.2195,100407.78
2026-08-26,0001213900-26-093824,0000910329,MEDIFAST INC,MED,Kiai Parsa,Director,2026-08-24,4211.0,11.9996,50530.315599999994
2026-08-26,0000932781-26-000046,0000932781,FIRST COMMUNITY CORP /SC/,FCCO,Sosebee Jane S,Director,2026-08-25,1250.0,33.945,42431.25
2026-08-26,0001628873-26-000086,0001059213,BEXIL INVESTMENT TRUST,BXSY,Winmill William McCollum,Director,2026-08-26,800.0,18.1,14480.000000000002
2026-08-26,0002133000-26-000008,0001227500,EQUITY BANCSHARES INC,EQBK,Rogerson Donald Scott,Director,2026-08-21,2000.0,50.0,100000.0
2026-08-26,0002057567-26-000006,0001336706,NORTHPOINTE BANCSHARES INC,NPB,Williams Charles Alan,"Director, CHAIRMAN & CEO, 10% owner",2026-08-25,30000.0,16.9475,508425.00000000006
2026-08-26,0002057567-26-000006,0001336706,NORTHPOINTE BANCSHARES INC,NPB,Williams Charles Alan,"Director, CHAIRMAN & CEO, 10% owner",2026-08-26,48312.0,16.9457,818680.6584
2026-08-26,0001140361-26-034452,0001378950,"CarParts.com, Inc.",PRTS,PHELPS BARRY,Director,2026-08-25,9900.0,6.48,64152.00000000001
2026-08-26,0001532010-26-000003,0001395942,"OPENLANE, Inc.",OPLN,Kelly Peter J,"Director, Chief Executive Officer",2026-08-24,14830.1521,33.715,499998.5780515
2026-08-26,0001464633-26-000004,0001449794,"Embassy Bancorp, Inc.",EMYB,Lesavoy Bernard M,Director,2026-08-26,746.0,22.2968,16633.412800000002
2026-08-26,0001464633-26-000004,0001449794,"Embassy Bancorp, Inc.",EMYB,Lesavoy Bernard M,Director,2026-08-26,600.0,22.3,13380.0
2026-08-26,0001628280-26-059098,0001488139,"Ameresco, Inc.",AMRC,Miller Jennifer L,Director,2026-08-24,2000.0,20.96,41920.0
2026-08-26,0001628280-26-059096,0001488139,"Ameresco, Inc.",AMRC,Sakellaris George P,"Director, Chief Executive Officer, 10% owner",2026-08-24,5000.0,20.91,104550.0
2026-08-26,0001628280-26-059096,0001488139,"Ameresco, Inc.",AMRC,Sakellaris George P,"Director, Chief Executive Officer, 10% owner",2026-08-25,938.0,21.6,20260.800000000003
2026-08-26,0001628280-26-059096,0001488139,"Ameresco, Inc.",AMRC,Sakellaris George P,"Director, Chief Executive Officer, 10% owner",2026-08-25,4062.0,22.03,89485.86
2026-08-26,0001628280-26-059097,0001488139,"Ameresco, Inc.",AMRC,Sutton Joseph W.,Director,2026-08-24,9700.0,20.87,202439.0
2026-08-26,0001221359-26-000048,0001500217,"American Assets Trust, Inc.",AAT,RADY ERNEST S,"Director, Executive Chairman, 10% owner",2026-08-24,29729.0,22.74,676037.46
2026-08-26,0001221359-26-000048,0001500217,"American Assets Trust, Inc.",AAT,RADY ERNEST S,"Director, Executive Chairman, 10% owner",2026-08-26,50000.0,22.89,1144500.0
2026-08-26,0001206714-26-000009,0001504461,NGL Energy Partners LP,NGL,COLLINGSWORTH JAMES M,Director,2026-08-25,10808.0,16.824,181833.79200000002
2026-08-26,0001186173-26-000004,0001504461,NGL Energy Partners LP,NGL,RAYMOND JOHN T,Director,2026-08-25,300000.0,16.98,5094000.0
2026-08-26,0001505732-26-000108,0001505732,"Bankwell Financial Group, Inc.",BWFG,SEIDMAN LAWRENCE B,Director,2026-08-25,994.0,65.89,65494.66
2026-08-26,0001505732-26-000108,0001505732,"Bankwell Financial Group, Inc.",BWFG,SEIDMAN LAWRENCE B,Director,2026-08-25,259.0,65.94,17078.46
2026-08-26,0001505732-26-000108,0001505732,"Bankwell Financial Group, Inc.",BWFG,SEIDMAN LAWRENCE B,Director,2026-08-25,219.0,65.96,14445.239999999998
2026-08-26,0001505732-26-000108,0001505732,"Bankwell Financial Group, Inc.",BWFG,SEIDMAN LAWRENCE B,Director,2026-08-25,662.0,65.9,43625.8
2026-08-26,0001505732-26-000108,0001505732,"Bankwell Financial Group, Inc.",BWFG,SEIDMAN LAWRENCE B,Director,2026-08-25,262.0,65.94,17276.28
2026-08-26,0001493152-26-040281,0001509470,Neostellar Capital Corp.,NSLR,Falk Erik A,Director,2026-08-26,50000.0,10.22,511000.00000000006
2026-08-26,0001227454-26-000012,0001562401,American Homes 4 Rent,AMH,CORRIGAN JACK E,Director,2026-08-24,1000.0,22.385,22385.0
2026-08-26,0001227454-26-000012,0001562401,American Homes 4 Rent,AMH,CORRIGAN JACK E,Director,2026-08-24,700.0,22.39,15673.0
2026-08-26,0001227454-26-000012,0001562401,American Homes 4 Rent,AMH,CORRIGAN JACK E,Director,2026-08-24,1800.0,22.46,40428.0
2026-08-26,0001227454-26-000012,0001562401,American Homes 4 Rent,AMH,CORRIGAN JACK E,Director,2026-08-24,2000.0,22.426,44852.0
2026-08-26,0002111580-26-000010,0001651717,Nomad Foods Ltd,NOMD,BRISBY DOMINIC,"Director, Chief Executive Officer",2026-08-24,50000.0,12.38,619000.0
2026-08-26,0001239159-26-000007,0001704711,"Funko, Inc.",FNKO,DENSON CHARLES D,Director,2026-08-24,72992.0,6.85,499995.19999999995
2026-08-26,0000905148-26-003934,0001818502,OppFi Inc.,OPFI,Schwartz Todd G.,"Director, Chief Executive Officer, 10% owner",2026-08-25,3475.0,7.2531,25204.5225
2026-08-26,0001628280-26-059085,0001822523,Advanced Flower Capital Inc.,AFCG,TANNENBAUM LEONARD M,"Director, 10% owner",2026-08-24,30000.0,3.41,102300.0
2026-08-26,0001628280-26-059085,0001822523,Advanced Flower Capital Inc.,AFCG,TANNENBAUM LEONARD M,"Director, 10% owner",2026-08-25,30000.0,3.4,102000.0
2026-08-26,0001193125-26-365940,0001828161,"FTC Solar, Inc.",FTCI,Carroll Anthony,"Director, Chief Executive Officer",2026-08-25,24745.0,2.08,51469.6
2026-08-26,0001831631-26-000102,0001831631,"loanDepot, Inc.",LDI,Hsieh Anthony Li,"Director, Executive Chair, CEO & Pres., 10% owner",2026-08-24,107099.0,0.8944,95789.3456
2026-08-26,0001831631-26-000102,0001831631,"loanDepot, Inc.",LDI,Hsieh Anthony Li,"Director, Executive Chair, CEO & Pres., 10% owner",2026-08-25,364367.0,0.9196,335071.8932
2026-08-26,0001213900-26-093947,0001836242,"Tokyo Lifestyle Co., Ltd.",TKLF,Kanayama Mei,"Director, Representative Director (PEO), 10% owner",2026-08-25,7000.0,1.8,12600.0
2026-08-26,0001493152-26-040178,0001866816,"SYNTEC OPTICS HOLDINGS, INC.",OPTX,Manzone Albert,Director,2026-04-14,5000.0,10.0,50000.0
2026-08-26,0001493152-26-040178,0001866816,"SYNTEC OPTICS HOLDINGS, INC.",OPTX,Manzone Albert,Director,2026-08-19,3681.0,8.1218,29896.345800000003
2026-08-26,0001628280-26-058994,0001876431,Prenetics Global Ltd,PRE,Rosin Brian J,CFO of IM8 (US) LLC,2026-08-24,18000.0,21.19,381420.0
2026-08-26,0001628280-26-058994,0001876431,Prenetics Global Ltd,PRE,Rosin Brian J,CFO of IM8 (US) LLC,2026-08-25,5100.0,22.8,116280.0
2026-08-26,0001628280-26-059077,0001909747,Jushi Holdings Inc.,JUSH,Cacioppo James,"Director, Chief Executive Officer, 10% owner",2026-08-24,384112.0,0.48,184373.75999999998
2026-08-26,0001628280-26-059077,0001909747,Jushi Holdings Inc.,JUSH,Cacioppo James,"Director, Chief Executive Officer, 10% owner",2026-08-25,322000.0,0.49,157780.0
2026-08-26,0001628280-26-059079,0001982518,Smith Douglas Homes Corp.,SDHC,Devendorf Russell,See Remarks,2026-08-25,1000.0,12.34,12340.0
2026-08-26,0002035989-26-000074,0002035989,Amrize Ltd,AMRZ,Sanche Jacques Wolf,Director,2026-08-26,4150.0,45.02,186833.0
2026-08-26,0001524595-26-000005,0002035989,Amrize Ltd,AMRZ,Singleton Denise R,Chief Legal Officer & Corp Sec,2026-08-25,3500.0,44.115,154402.5
2026-08-26,0001628280-26-059013,0002098430,Madison Air Solutions Corp,MAIR,La Force Andrew Hudson III,Director,2026-08-25,20000.0,27.84,556800.0
2026-08-27,0001289454-26-000006,0000020286,CINCINNATI FINANCIAL CORP,CINF,Debbink Dirk J,Director,2026-08-25,1000.0,171.64,171640.0
2026-08-27,0001816092-26-000006,0000046250,HAWKINS INC,HWKN,Lange Douglas A.,VP - WATER TREATMENT GROUP,2026-08-25,910.0,118.7536,108065.77600000001
2026-08-27,0001493152-26-040464,0000064463,"Soluna Holdings, Inc",SLNH,Belizaire John,"Director, Chief Executive Officer",2026-08-26,50000.0,1.2,60000.0
2026-08-27,0001493152-26-040444,0000073290,BIOMERICA INC,BMRA,BARBIERI ALLEN,"Director, Executive Vice Chairman",2026-08-26,20000.0,1.6,32000.0
2026-08-27,0001493152-26-040448,0000073290,BIOMERICA INC,BMRA,Chin Eric,Director,2026-08-26,6250.0,1.6,10000.0
2026-08-27,0001493152-26-040454,0000073290,BIOMERICA INC,BMRA,Gary M. Huff,Director,2026-08-20,31250.0,1.6,50000.0
2026-08-27,0001493152-26-040443,0000073290,BIOMERICA INC,BMRA,Irani Zackary S.,"Director, Chief Executive Officer",2026-08-26,31250.0,1.6,50000.0
2026-08-27,0001493152-26-040450,0000073290,BIOMERICA INC,BMRA,MOATAZEDI DAVID,Director,2026-08-26,10000.0,1.6,16000.0
2026-08-27,0001437749-26-029086,0000088000,Horizon Kinetics Holding Corp,HKHC,Roller Daniel J,Director,2026-08-26,500.0,26.5,13250.0
2026-08-27,0001193125-26-371418,0000766704,WELLTOWER INC.,WELL,Gundlach Andrew,Director,2026-08-25,2500.0,239.47,598675.0
2026-08-27,0001193125-26-371418,0000766704,WELLTOWER INC.,WELL,Gundlach Andrew,Director,2026-08-26,2500.0,242.06,605150.0
2026-08-27,0001111928-26-000163,0001111928,IPG PHOTONICS CORP,IPGP,PEELER JOHN R,Director,2026-08-26,1552.0,72.84,113047.68000000001
2026-08-27,0001111928-26-000163,0001111928,IPG PHOTONICS CORP,IPGP,PEELER JOHN R,Director,2026-08-26,1158.0,74.57,86352.06
2026-08-27,0001853874-26-000012,0001158172,"COMSCORE, INC.",SCOR,McLaughlin Matthew F.,"Director, Chief Executive Officer",2026-08-26,20000.0,5.26,105200.0
2026-08-27,0001206399-26-000007,0001206264,SOMNIGROUP INTERNATIONAL INC.,SGI,THOMPSON SCOTT L,"Director, CEO & PRESIDENT",2026-08-27,30000.0,62.8438,1885314.0
2026-08-27,0001193125-26-371793,0001261654,UNIVERSAL TECHNICAL INSTITUTE INC,UTI,DEVINCENZI ROBERT THOMAS,Director,2026-08-25,1000.0,21.765,21765.0
2026-08-27,0001848554-26-000009,0001299969,"Comstock Holding Companies, Inc.",CHCI,Hirsh David Z.,Director,2026-08-18,600.0,18.66,11196.0
2026-08-27,0001741576-26-000008,0001418135,Keurig Dr Pepper Inc.,KDP,Alt Aaron E,Director,2026-08-25,7862.0,31.83,250247.46
2026-08-27,0001628280-26-059314,0001488139,"Ameresco, Inc.",AMRC,Sakellaris George P,"Director, Chief Executive Officer, 10% owner",2026-08-26,1000.0,21.92,21920.0
2026-08-27,0001628280-26-059314,0001488139,"Ameresco, Inc.",AMRC,Sakellaris George P,"Director, Chief Executive Officer, 10% owner",2026-08-27,4000.0,22.84,91360.0
2026-08-27,0002108262-26-000006,0001535778,"MSC INCOME FUND, INC.",MSIF,Marks Nataly Michelle,Director,2026-08-26,950.0,12.7,12065.0
2026-08-27,0002023732-26-000008,0001590877,REGENXBIO Inc.,RGNX,Ciongoli Gregory Austin,Director,2026-08-26,49196.0,9.1411,449705.55559999996
2026-08-27,0002023732-26-000008,0001590877,REGENXBIO Inc.,RGNX,Ciongoli Gregory Austin,Director,2026-08-27,53407.0,9.356,499675.892
2026-08-27,0002014440-26-000012,0001625297,"Indivior Pharmaceuticals, Inc.",INDV,Anderson Woodrow D,Chief Accounting Officer,2026-08-27,1500.0,35.69,53535.0
2026-08-27,0001193125-26-371390,0001720116,"Red Violet, Inc.",RDVT,LIVEK WILLIAM PAUL,Director,2026-08-27,2000.0,71.49,142980.0
2026-08-27,0001013594-26-000955,0001759546,Stark Novus Financial Inc.,SNFI,ESOPUS CREEK VALUE SERIES FUND LP - SERIES A,Director,2026-08-25,9000.0,1.83,16470.0
2026-08-27,0001628280-26-059280,0001759631,Hyliion Holdings Corp.,HYLN,Cubbage Vincent T.,Director,2026-08-27,50000.0,3.4,170000.0
2026-08-27,0001493152-26-040391,0001770501,Venu Holding Corp,VENU,Finke Thomas M,Director,2026-08-25,54644.0,1.949,106501.156
2026-08-27,0001193125-26-371237,0001809196,Immatics N.V.,IMTX,PERCEPTIVE ADVISORS LLC,Director,2026-08-26,863060.0,8.69,7499991.399999999
2026-08-27,0000905148-26-003965,0001818502,OppFi Inc.,OPFI,Schwartz Todd G.,"Director, Chief Executive Officer, 10% owner",2026-08-26,3500.0,7.1893,25162.55
2026-08-27,0000897069-26-001721,0001825088,"Dream Finders Homes, Inc.",DFH,Sturm Len,Director,2026-08-26,1000.0,14.72,14720.0
2026-08-27,0001655400-26-000007,0001831631,"loanDepot, Inc.",LDI,Hsieh Anthony Li,"Director, Executive Chair, CEO & Pres., 10% owner",2026-08-26,284349.0,0.8898,253013.7402
2026-08-27,0001655400-26-000007,0001831631,"loanDepot, Inc.",LDI,Hsieh Anthony Li,"Director, Executive Chair, CEO & Pres., 10% owner",2026-08-27,38612.0,0.939,36256.668
2026-08-27,0001193125-26-371518,0001843162,"Chicago Atlantic BDC, Inc.",LIEN,Gordon Scott,"Director, Co-Chief Investment Officer",2026-08-26,2483.0,10.15,25202.45
2026-08-27,0001193125-26-371518,0001843162,"Chicago Atlantic BDC, Inc.",LIEN,Gordon Scott,"Director, Co-Chief Investment Officer",2026-08-27,5000.0,10.188,50940.0
2026-08-27,0000898432-26-000694,0001981546,"Commercial Bancgroup, Inc.",CBK,Metheny Philip J.,"EVP, Chief Financial Officer",2026-08-25,670.0,34.79,23309.3
2026-08-27,0001437749-26-029090,0002058758,"Avidia Bancorp, Inc.",AVBC,Grimaldo Joseph F,Director,2026-08-26,5000.0,22.0175,110087.49999999999
2026-08-28,0001104659-26-103384,0000101538,UNITED STATES ANTIMONY CORP,UAMY,EVANS GARY C,"Director, Chairman & CEO",2026-08-28,20000.0,4.92,98400.0
2026-08-28,0000706863-26-000077,0000706863,UNION BANKSHARES INC,UNB,Silverman David Scott,Director,2026-08-26,1000.0,23.76,23760.0
2026-08-28,0000723188-26-000108,0000723188,"COMMUNITY FINANCIAL SYSTEM, INC.",CBU,Vaccaro John A,Director,2026-08-27,317.0,63.11,20005.87
2026-08-28,0000832480-26-000026,0000832480,UTG INC,UTGN,CORRELL JESSE T,"Director, Chairman & CEO, 10% owner",2026-08-27,1000.0,59.75,59750.0
2026-08-28,0001949215-26-000004,0000893847,"HAWTHORN BANCSHARES, INC.",HWBK,Hettinger Shawna M.,Director,2026-08-26,645.161,38.75,24999.988749999997
2026-08-28,0001949215-26-000004,0000893847,"HAWTHORN BANCSHARES, INC.",HWBK,Hettinger Shawna M.,Director,2026-08-27,654.448,38.2,24999.9136
2026-08-28,0001213900-26-094862,0000910329,MEDIFAST INC,MED,Kiai Parsa,Director,2026-08-26,41975.0,12.2632,514747.81999999995
2026-08-28,0001213900-26-094862,0000910329,MEDIFAST INC,MED,Kiai Parsa,Director,2026-08-26,1175.0,12.2632,14409.26
2026-08-28,0001290936-26-000010,0001089063,"DICK'S SPORTING GOODS, INC.",DKS,Barrenechea Mark J,Director,2026-08-27,17000.0,130.72,2222240.0
2026-08-28,0001198906-26-000006,0001089063,"DICK'S SPORTING GOODS, INC.",DKS,COLOMBO WILLIAM J,Director,2026-08-26,5000.0,128.72,643600.0
2026-08-28,0001198906-26-000006,0001089063,"DICK'S SPORTING GOODS, INC.",DKS,COLOMBO WILLIAM J,Director,2026-08-27,1100.0,129.0,141900.0
2026-08-28,0001510712-26-000010,0001089063,"DICK'S SPORTING GOODS, INC.",DKS,Eddy Robert W.,Director,2026-08-26,4000.0,128.695,514780.0
2026-08-28,0001246485-26-000005,0001089063,"DICK'S SPORTING GOODS, INC.",DKS,MATHRANI SANDEEP,Director,2026-08-26,1550.0,128.892,199782.6
2026-08-28,0001654954-26-007959,0001093672,PEOPLES BANCORP OF NORTH CAROLINA INC,PEBK,PRICE BILLY L JR DR,Director,2026-08-27,400.0,42.996,17198.4
2026-08-28,0001104659-26-103373,0001282648,BATTALION OIL CORP,BATL,Hinds Gregory S.,Director,2026-08-27,14400.0,1.31,18864.0
2026-08-28,0001104659-26-103372,0001282648,BATTALION OIL CORP,BATL,ROGERS WILLIAM D,Director,2026-08-26,70000.0,1.3024,91168.0
2026-08-28,0002127484-26-000017,0001341170,EUROSEAS LTD.,ESEA,Pittas Aristeidis P,Director,2026-08-27,375.0,75.8645,28449.187500000004
2026-08-28,0002097345-26-000014,0001494891,"Sensus Healthcare, Inc.",SRTS,Sachetta Eric,Director,2026-08-26,9708.0,3.289,31929.612
2026-08-28,0002097345-26-000014,0001494891,"Sensus Healthcare, Inc.",SRTS,Sachetta Eric,Director,2026-08-27,10925.0,3.181,34752.425
2026-08-28,0001221359-26-000053,0001500217,"American Assets Trust, Inc.",AAT,RADY ERNEST S,"Director, Executive Chairman, 10% owner",2026-08-27,50000.0,22.56,1128000.0
2026-08-28,0001221359-26-000053,0001500217,"American Assets Trust, Inc.",AAT,RADY ERNEST S,"Director, Executive Chairman, 10% owner",2026-08-28,50000.0,22.52,1126000.0
2026-08-28,0001206714-26-000013,0001504461,NGL Energy Partners LP,NGL,COLLINGSWORTH JAMES M,Director,2026-08-27,2289.0,17.0,38913.0
2026-08-28,0001540655-26-000024,0001520006,Matador Resources Co,MTDR,Foran Joseph Wm,"Director, Chairman and CEO",2026-08-26,555.0,54.49,30241.95
2026-08-28,0001520138-26-000378,0001580149,BIOVIE INC.,BIVI,DO CUONG V,"Director, President & CEO",2026-08-27,15210.0,2.08,31636.8
2026-08-28,0001520138-26-000383,0001580149,BIOVIE INC.,BIVI,Palumbo Joseph M,Chief Medical Officer,2026-08-28,4843.0,2.16,10460.880000000001
2026-08-28,0001437749-26-029233,0001625101,"PULSE BIOSCIENCES, INC.",PLSE,Teplitsky Liane Rae,Chief Operating Officer,2026-08-26,1036.0,48.235,49971.46
2026-08-28,0001437749-26-029233,0001625101,"PULSE BIOSCIENCES, INC.",PLSE,Teplitsky Liane Rae,Chief Operating Officer,2026-08-28,1034.0,48.35,49993.9
2026-08-28,0001104659-26-103314,0001650729,"SiteOne Landscape Supply, Inc.",SITE,BLACK DOUG,"Director, CEO",2026-08-26,5000.0,96.13,480650.0
2026-08-28,0001318894-26-000005,0001710482,"John Marshall Bancorp, Inc.",JMSB,Kinney Jonathan Craig,Director,2026-08-26,1119.0,22.92,25647.480000000003
2026-08-28,0001318894-26-000005,0001710482,"John Marshall Bancorp, Inc.",JMSB,Kinney Jonathan Craig,Director,2026-08-26,1238.0,22.92,28374.960000000003
2026-08-28,0001493152-26-040671,0001759546,Stark Novus Financial Inc.,NRDE,ZYNGIER ALEXANDRE,Director,2026-08-27,10000.0,1.7,17000.0
2026-08-28,0001104659-26-103209,0001814114,"Orchestra BioMed Holdings, Inc.",OBIO,Sherman Darren,"Director, See Remarks",2026-08-26,2000.0,5.33,10660.0
2026-08-28,0000905148-26-003991,0001818502,OppFi Inc.,OPFI,Schwartz Todd G.,"Director, Chief Executive Officer, 10% owner",2026-08-27,3550.0,7.13,25311.5
2026-08-28,0001193125-26-371997,0001821468,17 Education & Technology Group Inc.,YQ,Liu Chang,"Director, Chief Executive Officer, 10% owner",2026-08-26,9216.0,2.1622,19926.835199999998
2026-08-28,0001628280-26-059389,0001822523,Advanced Flower Capital Inc.,AFCG,TANNENBAUM LEONARD M,"Director, 10% owner",2026-08-26,19404.0,3.41,66167.64
2026-08-28,0001628280-26-059389,0001822523,Advanced Flower Capital Inc.,AFCG,TANNENBAUM LEONARD M,"Director, 10% owner",2026-08-27,15202.0,3.46,52598.92
2026-08-28,0001193125-26-372434,0001828161,"FTC Solar, Inc.",FTCI,SADASIVAM SHAKER,Director,2026-08-26,33290.0,2.19,72905.09999999999
2026-08-28,0001193125-26-374170,0001867949,"Chicago Atlantic Real Estate Finance, Inc.",REFI,Mazarakis John,"Director, Executive Chairman",2026-08-26,40181.0,10.6666,428594.6546
2026-08-28,0001193125-26-374170,0001867949,"Chicago Atlantic Real Estate Finance, Inc.",REFI,Mazarakis John,"Director, Executive Chairman",2026-08-27,7530.0,10.67,80345.1
2026-08-28,0001628280-26-059395,0001909747,Jushi Holdings Inc.,JUSH,Barack Louis Jon,President,2026-08-27,30000.0,0.5,15000.0
2026-08-28,0001628280-26-059399,0001909747,Jushi Holdings Inc.,JUSH,Cacioppo James,"Director, Chief Executive Officer, 10% owner",2026-08-26,494000.0,0.5,247000.0
2026-08-28,0001628280-26-059399,0001909747,Jushi Holdings Inc.,JUSH,Cacioppo James,"Director, Chief Executive Officer, 10% owner",2026-08-27,500000.0,0.49,245000.0
2026-08-28,0001193125-26-374650,0001930054,Blackstone Private Equity Strategies Fund L.P.,NONE,Patel Viral,"Director, Chief Executive Officer",2026-08-28,51083.611,39.1515,1999999.9960664997
2026-08-28,0001829126-26-009498,0001930147,"Sound Point Meridian Capital, Inc.",SPMC,Forstenhausler Matthew E.,Director,2026-08-26,1600.0,9.205,14728.0
2026-08-28,0001829126-26-009498,0001930147,"Sound Point Meridian Capital, Inc.",SPMC,Forstenhausler Matthew E.,Director,2026-08-27,2400.0,9.285,22284.0
2026-08-28,0002097107-26-000004,0002003292,Klarna Group plc,KLAR,Siemiatkowski Sebastian,"Director, Chief Executive Officer",2026-08-26,692506.0,14.3669,9949164.451399999
2026-08-28,0001104659-26-103344,0002147219,Rainier Acquisition Corp,RNAQ,GROSSMAN JONAS,"Director, 10% owner",2026-08-28,194375.0,10.0,1943750.0
2026-08-31,0001626669-26-000006,0000046250,HAWKINS INC,HWKN,Oldenkamp Jeffrey P.,EXECUTIVE VP AND CFO,2026-08-27,1290.0,119.0,153510.0
2026-08-31,0001493152-26-040836,0000064463,"Soluna Holdings, Inc",SLNH,PICCHI MICHAEL,Chief Financial Officer,2026-08-28,20000.0,1.13,22599.999999999996
2026-08-31,0001214659-26-011250,0000102109,"UNIVERSAL SAFETY PRODUCTS, INC.",UUU,AULT MILTON C III,"Director, 10% owner",2026-08-27,5000.0,6.0172,30086.0
2026-08-31,0001214659-26-011250,0000102109,"UNIVERSAL SAFETY PRODUCTS, INC.",UUU,AULT MILTON C III,"Director, 10% owner",2026-08-28,10000.0,5.1604,51604.0
2026-08-31,0001214659-26-011250,0000102109,"UNIVERSAL SAFETY PRODUCTS, INC.",UUU,AULT MILTON C III,"Director, 10% owner",2026-08-31,2500.0,5.049,12622.500000000002
2026-08-31,0000354647-26-000116,0000354647,CVB FINANCIAL CORP,CVBF,Maddox Mike,Director,2026-08-31,10000.0,22.03,220300.0
2026-08-31,0000824142-26-000061,0000824142,"AAON, INC.",AAON,Shaub Matthew,Executive Vice President,2026-08-28,457.0,76.42,34923.94
2026-08-31,0001347688-26-000004,0000868671,"GLACIER BANCORP, INC.",GBCI,Langel Craig A,Director,2026-08-28,2250.0,47.04,105840.0
2026-08-31,0000890541-26-000011,0000890541,"BLADEX, INC.",BLX,Van Hoorde Annette Marie,Chief Financial Officer,2026-08-28,1454.0,55.0,79970.0
2026-08-31,0001214659-26-011255,0000896493,"Hyperscale Data, Inc.",GPUS,AULT MILTON C III,"Director, Executive Chairman, 10% owner",2026-08-28,47641.0,0.307,14625.787
2026-08-31,0001214659-26-011255,0000896493,"Hyperscale Data, Inc.",GPUS,AULT MILTON C III,"Director, Executive Chairman, 10% owner",2026-08-28,150000.0,0.2967,44505.0
2026-08-31,0001214659-26-011255,0000896493,"Hyperscale Data, Inc.",GPUS,AULT MILTON C III,"Director, Executive Chairman, 10% owner",2026-08-31,89000.0,0.2703,24056.699999999997
2026-08-31,0001528153-26-000011,0000917251,AGREE REALTY CORP,ADC,RAKOLTA JOHN JR,Director,2026-08-27,20000.0,73.23,1464600.0
2026-08-31,0001193125-26-377253,0001013488,BJs RESTAURANTS INC,BJRI,Richmond C Bradford,Director,2026-08-31,753.0,63.25,47627.25
2026-08-31,0001466605-26-000007,0001158172,"COMSCORE, INC.",SCOR,LIVEK WILLIAM PAUL,Director,2026-08-28,20000.0,5.23,104600.00000000001
2026-08-31,0001193125-26-377239,0001261654,UNIVERSAL TECHNICAL INSTITUTE INC,UTI,DEVINCENZI ROBERT THOMAS,Director,2026-08-27,1000.0,21.8,21800.0
2026-08-31,0001140361-26-035126,0001378950,"CarParts.com, Inc.",PRTS,Huffaker Michael,COO,2026-08-27,4614.0,6.88,31744.32
2026-08-31,0001140361-26-035126,0001378950,"CarParts.com, Inc.",PRTS,Huffaker Michael,COO,2026-08-28,7548.0,7.16,54043.68
2026-08-31,0001140361-26-035125,0001378950,"CarParts.com, Inc.",PRTS,Meniane David,CEO,2026-08-27,4612.0,6.88,31730.56
2026-08-31,0001140361-26-035125,0001378950,"CarParts.com, Inc.",PRTS,Meniane David,CEO,2026-08-28,7552.0,7.16,54072.32
2026-08-31,0001493152-26-040736,0001430306,Tonix Pharmaceuticals Holding Corp.,TNXP,LEDERMAN SETH,"Director, Chief Executive Officer",2026-08-27,2000.0,13.79,27580.0
2026-08-31,0001213900-26-095647,0001439124,AXIA Energia S.A.,AXIA3,Corso Matte Ana Silvia,Director,2026-08-28,1400.0,10.24,14336.0
2026-08-31,0002022936-26-000015,0001469395,Pampa Energy Inc.,PAM,Mindlin Marcos Marcelo,"Director, 10% owner",2026-08-27,150000.0,3.382,507300.0
2026-08-31,0002097345-26-000016,0001494891,"Sensus Healthcare, Inc.",SRTS,Sachetta Eric,Director,2026-08-28,37537.0,3.437,129014.669
2026-08-31,0002097345-26-000016,0001494891,"Sensus Healthcare, Inc.",SRTS,Sachetta Eric,Director,2026-08-31,27304.0,3.538,96601.552
2026-08-31,0002020286-26-000008,0001520006,Matador Resources Co,MTDR,Calvert Christopher P,EVP and CFO,2026-08-27,2500.0,56.64,141600.0
2026-08-31,0001493152-26-040843,0001534708,"Beeline Holdings, Inc.",BLNE,Liuzza Nicholas Reyland JR,"Director, Chief Executive Officer, 10% owner",2026-08-26,15000.0,0.981,14715.0
2026-08-31,0001493152-26-040843,0001534708,"Beeline Holdings, Inc.",BLNE,Liuzza Nicholas Reyland JR,"Director, Chief Executive Officer, 10% owner",2026-08-31,245000.0,0.9768,239316.0
2026-08-31,0001189403-26-000011,0001579241,Allegion plc,ALLE,MIZELL STEVEN,Director,2026-08-28,170.0,158.28,26907.6
2026-08-31,0001193125-26-376791,0001655888,Blue Owl Capital Corp,OBDC,Kaye Eric A.,Director,2026-08-28,1000.0,11.34,11340.0
2026-08-31,0001213900-26-095705,0001684425,"TDH Holdings, Inc.",PETZ,Liu Dandan,"Director, CEO and Chair, 10% owner",2026-08-27,2969692.0,1.2,3563630.4
2026-08-31,0001812746-26-000011,0001704715,"Alpha Metallurgical Resources, Inc.",AMR,Courtis Kenneth S.,Director,2026-08-28,1271.0,226.48,287856.07999999996
2026-08-31,0001812746-26-000011,0001704715,"Alpha Metallurgical Resources, Inc.",AMR,Courtis Kenneth S.,Director,2026-08-28,863.0,227.35,196203.05
2026-08-31,0001812746-26-000011,0001704715,"Alpha Metallurgical Resources, Inc.",AMR,Courtis Kenneth S.,Director,2026-08-28,1201.0,228.61,274560.61000000004
2026-08-31,0001812746-26-000011,0001704715,"Alpha Metallurgical Resources, Inc.",AMR,Courtis Kenneth S.,Director,2026-08-28,201.0,229.83,46195.83
2026-08-31,0001812746-26-000011,0001704715,"Alpha Metallurgical Resources, Inc.",AMR,Courtis Kenneth S.,Director,2026-08-28,690.0,231.12,159472.80000000002
2026-08-31,0001812746-26-000011,0001704715,"Alpha Metallurgical Resources, Inc.",AMR,Courtis Kenneth S.,Director,2026-08-28,514.0,232.83,119674.62000000001
2026-08-31,0001812746-26-000011,0001704715,"Alpha Metallurgical Resources, Inc.",AMR,Courtis Kenneth S.,Director,2026-08-28,210.0,234.24,49190.4
2026-08-31,0001812746-26-000011,0001704715,"Alpha Metallurgical Resources, Inc.",AMR,Courtis Kenneth S.,Director,2026-08-28,50.0,235.47,11773.5
2026-08-31,0001193125-26-376792,0001747777,Blue Owl Technology Finance Corp.,OTF,Kaye Eric A.,Director,2026-08-28,1000.0,11.37,11370.0
2026-08-31,0001823561-26-000003,0001771515,Grocery Outlet Holding Corp.,GO,Jaros Carey F.,Director,2026-08-27,15000.0,11.7,175500.0
2026-08-31,0001628280-26-059526,0001776909,CuriosityStream Inc.,CURI,Stinchcomb Clinton Larry,"Director, President and CEO",2026-08-27,30000.0,2.553,76590.0
2026-08-31,0001628280-26-059472,0001793229,Claritev Corp,CTEV,Dalton Travis,"Director, Pres., CEO & Executive Chair",2026-08-27,4500.0,38.8052,174623.4
2026-08-31,0001628280-26-059472,0001793229,Claritev Corp,CTEV,Dalton Travis,"Director, Pres., CEO & Executive Chair",2026-08-28,1950.0,38.4823,75040.485
2026-08-31,0000905148-26-004037,0001818502,OppFi Inc.,OPFI,Schwartz Todd G.,"Director, Chief Executive Officer, 10% owner",2026-08-28,3500.0,7.1479,25017.65
2026-08-31,0001193125-26-377154,0001828161,"FTC Solar, Inc.",FTCI,SADASIVAM SHAKER,Director,2026-08-27,39583.0,2.35,93020.05
2026-08-31,0001493152-26-040748,0001892492,Eightco Holdings Inc.,ORBS,O'Donnell Kevin J,"Director, CEO",2026-08-28,50000.0,0.8077,40385.0
2026-08-31,0002023157-26-000005,0001987240,SCHMID Group N.V.,SHMD,Schmid Anette,"Director, 10% owner",2026-08-30,69000.0,3.1623,218198.7
2026-08-31,0002125667-26-000003,0001987240,SCHMID Group N.V.,SHMD,Schuetz Arthur Josef Hermann,CFO Schmid Group N.V.,2006-08-28,15200.0,3.23,49096.0
2026-08-31,0001213900-26-095757,0002039273,Jaguar Uranium Corp.,JAGU,Gold Steven Brian,"Director, President, CEO, and Director",2026-08-28,12000.0,1.6,19200.0
2026-08-31,0001829126-26-009544,0002079109,Veraxa Biotech AG - Post de-SPAC,VRXA,Baumann Oliver Rolf,Director,2026-08-27,50000.0,1.5,75000.0
2026-09-01,0002097014-26-000004,0000024090,"CITIZENS, INC.",CIA,HARWOOD MICHAEL PHILIP,Director,2026-08-31,10000.0,3.8,38000.0
2026-09-01,0001349628-26-000004,0000067215,DYCOM INDUSTRIES INC,DY,Fallon David Joseph,Director,2026-09-01,700.0,286.92,200844.0
2026-09-01,0001104659-26-104378,0000101538,UNITED STATES ANTIMONY CORP,UAMY,Carrabba Joseph A,Director,2026-09-01,21300.0,4.72,100536.0
2026-09-01,0001193125-26-378510,0000216228,ITT INC.,ITT,Savi Luca,"Director, President and CEO",2026-08-31,5019.0,199.56,1001591.64
2026-09-01,0001398344-26-016344,0000813623,Total Return Securities Fund,SWZ,SELL MORITZ A,Director,2026-08-31,3000.0,5.98,17940.0
2026-09-01,0001104659-26-104321,0001253986,ARBOR REALTY TRUST INC,ABR,Green William C,Director,2026-08-31,24985.0,5.07,126673.95000000001
2026-09-01,0002117905-26-000026,0001468642,Aura Minerals Inc.,AUGO,Sousa Mauad Bruno,Director,2026-08-28,26018.0,82.5743,2148418.1374
2026-09-01,0002117905-26-000026,0001468642,Aura Minerals Inc.,AUGO,Sousa Mauad Bruno,Director,2026-08-28,61552.0,83.5822,5144651.5744
2026-09-01,0002117905-26-000026,0001468642,Aura Minerals Inc.,AUGO,Sousa Mauad Bruno,Director,2026-08-28,38430.0,84.3175,3240321.525
2026-09-01,0002117905-26-000026,0001468642,Aura Minerals Inc.,AUGO,Sousa Mauad Bruno,Director,2026-08-28,126000.0,89.36,11259360.0
2026-09-01,0001628280-26-059708,0001488139,"Ameresco, Inc.",AMRC,Sakellaris George P,"Director, Chief Executive Officer, 10% owner",2026-08-28,3000.0,22.13,66390.0
2026-09-01,0001493152-26-041030,0001534708,"Beeline Holdings, Inc.",BLNE,Liuzza Nicholas Reyland JR,"Director, Chief Executive Officer, 10% owner",2026-09-01,96000.0,1.03,98880.0
2026-09-01,0001104659-26-104405,0001671502,"Quoin Pharmaceuticals, Ltd.",QNRX,Carter Denise P.,"Director, Chief Operating Officer",2026-08-31,20490.0,4.88,99991.2
2026-09-01,0001104659-26-104402,0001671502,"Quoin Pharmaceuticals, Ltd.",QNRX,Culverwell Anthony James,Director,2026-08-31,6146.0,4.88,29992.48
2026-09-01,0001104659-26-104403,0001671502,"Quoin Pharmaceuticals, Ltd.",QNRX,Lawlor Sally Bridget,Chief Financial Officer,2026-08-31,10244.0,4.88,49990.72
2026-09-01,0001104659-26-104404,0001671502,"Quoin Pharmaceuticals, Ltd.",QNRX,Myers Michael,"Director, Chief Executive Officer",2026-08-31,20490.0,4.88,99991.2
2026-09-01,0002132853-26-000007,0001677576,INNOVATIVE INDUSTRIAL PROPERTIES INC,IIPR,Ives Bruce Alan,Director,2026-08-31,528.0,56.7,29937.600000000002
2026-09-01,0000950103-26-013377,0001693736,EquipmentShare.com Inc,EQPT,Schlacks Jabbok,"Director, Founder & CEO",2026-08-28,9500.0,17.87,169765.0
2026-09-01,0000950103-26-013377,0001693736,EquipmentShare.com Inc,EQPT,Schlacks Jabbok,"Director, Founder & CEO",2026-08-31,15500.0,17.46,270630.0
2026-09-01,0001628280-26-059745,0001776909,CuriosityStream Inc.,CURI,Stinchcomb Clinton Larry,"Director, President and CEO",2026-08-28,20000.0,2.603,52060.00000000001
2026-09-01,0001104659-26-104326,0001780312,"AST SpaceMobile, Inc.",ASTS,Cisneros Adriana,Director,2026-08-31,1384.0,57.79,79981.36
2026-09-01,0001104659-26-104326,0001780312,"AST SpaceMobile, Inc.",ASTS,Cisneros Adriana,Director,2026-08-31,8768.0,57.0,499776.0
2026-09-01,0001104659-26-104326,0001780312,"AST SpaceMobile, Inc.",ASTS,Cisneros Adriana,Director,2026-08-31,670.0,58.87,39442.9
2026-09-01,0000905148-26-004056,0001818502,OppFi Inc.,OPFI,Schwartz Todd G.,"Director, Chief Executive Officer, 10% owner",2026-08-31,3550.0,6.9326,24610.73
2026-09-01,0001628280-26-059909,0001822523,Advanced Flower Capital Inc.,AFCG,TANNENBAUM LEONARD M,"Director, 10% owner",2026-08-28,65752.0,3.53,232104.56
2026-09-01,0001628280-26-059909,0001822523,Advanced Flower Capital Inc.,AFCG,TANNENBAUM LEONARD M,"Director, 10% owner",2026-08-31,53273.0,3.6,191782.80000000002
2026-09-01,0001193125-26-377575,0001828161,"FTC Solar, Inc.",FTCI,SADASIVAM SHAKER,Director,2026-08-28,101083.0,2.69,271913.27
2026-09-01,0001840199-26-000096,0001840199,Waldencast plc,WALD,Souza Cristiano,"Director, 10% owner",2026-08-28,335000.0,1.5094,505649.0
2026-09-01,0001628280-26-059898,0001840572,Lucky Strike Entertainment Corp,LUCK,MATHRANI SANDEEP,Director,2026-08-28,9350.0,6.4125,59956.875
2026-09-01,0001628280-26-059899,0001840572,Lucky Strike Entertainment Corp,LUCK,Young John Alan,Director,2026-08-28,2800.0,6.23,17444.0
2026-09-01,0001628280-26-059899,0001840572,Lucky Strike Entertainment Corp,LUCK,Young John Alan,Director,2026-09-01,1000.0,614.0,614000.0
2026-09-01,0002021239-26-000006,0001868159,"Lineage, Inc.",LINE,Marchetti Kevin Patrick,"Director, Co-Executive Chairman, 10% owner",2026-08-28,25000.0,39.5022,987555.0
2026-09-01,0001878313-26-000082,0001878313,"MAIA Biotechnology, Inc.",MAIA,Guerrero Ramiro,Director,2026-08-26,8931.0,1.39,12414.089999999998
2026-09-01,0001878313-26-000082,0001878313,"MAIA Biotechnology, Inc.",MAIA,Guerrero Ramiro,Director,2026-08-27,78239.0,1.39,108752.20999999999
2026-09-01,0001878313-26-000082,0001878313,"MAIA Biotechnology, Inc.",MAIA,Guerrero Ramiro,Director,2026-08-28,46620.0,1.35,62937.00000000001
2026-09-01,0001104659-26-104354,0001979306,"Andalusian Credit Company, LLC",N/A,Frank Alan L,Director,2026-08-28,7309.71,15.32,111984.75720000001
2026-09-01,0001104659-26-104356,0001979306,"Andalusian Credit Company, LLC",N/A,Otting Joseph M,Director,2026-08-28,13674.88,15.32,209499.1616
2026-09-01,0001193125-26-378381,0002097725,AIR Global PLC,AIIR,Brazier Stuart Damon,"Director, Chief Executive Officer",2026-08-27,6000.0,7.3547,44128.200000000004
2026-09-01,0001193125-26-378382,0002097725,AIR Global PLC,AIIR,Lotfy Bassem,Chief Financial Officer,2026-08-27,4450.0,7.9727,35478.515
2026-09-02,0001104659-26-104644,0000101538,UNITED STATES ANTIMONY CORP,UAMY,Bardswich Lloyd,"Director, Dir, EVP & Chief Mining Eng",2026-09-01,20000.0,4.635,92700.0
2026-09-02,0001195918-26-000002,0000310764,STRYKER CORP,SYK,BRAINERD MARY K,Director,2019-06-26,63.0,202.205,12738.915
2026-09-02,0002014484-26-000003,0000844965,TETRA TECHNOLOGIES INC,TTI,John Angela D,Director,2026-09-02,10000.0,6.5,65000.0
2026-09-02,0001214659-26-011359,0000896493,"Hyperscale Data, Inc.",GPUS,AULT MILTON C III,"Director, Executive Chairman, 10% owner",2026-09-01,107999.0,0.247,26675.753
2026-09-02,0001214659-26-011360,0000896493,"Hyperscale Data, Inc.",GPUS,Horne William B.,"Director, Chief Executive Officer",2026-09-02,100000.0,0.1999,19990.0
2026-09-02,0001437749-26-029458,0000903419,ALERUS FINANCIAL CORP,ALRS,Bolton Jeffrey,Director,2026-09-01,1000.0,32.45,32450.000000000004
2026-09-02,0001528153-26-000013,0000917251,AGREE REALTY CORP,ADC,RAKOLTA JOHN JR,Director,2026-08-31,10000.0,72.42,724200.0
2026-09-02,0001193125-26-380660,0001013488,BJs RESTAURANTS INC,BJRI,Richmond C Bradford,Director,2026-09-02,500.0,61.05,30525.0
2026-09-02,0001193125-26-380267,0001059142,Greystone Housing Impact Investors LP,GHI,Rogozinski Kenneth,Chief Executive Officer,2026-09-01,3500.0,6.24,21840.0
2026-09-02,0001437749-26-029479,0001069533,RGC RESOURCES INC,RGCO,WILLIAMSON JOHN B III,Director,2026-09-01,1000.0,21.3,21300.0
2026-09-02,0001198906-26-000008,0001089063,"DICK'S SPORTING GOODS, INC.",DKS,COLOMBO WILLIAM J,Director,2026-09-01,913.0,133.19,121602.47
2026-09-02,0001193125-26-380240,0001272842,AIRGAIN INC,AIRG,SIMS JAMES K,Director,2026-08-31,6731.0,5.31,35741.61
2026-09-02,0001193125-26-380240,0001272842,AIRGAIN INC,AIRG,SIMS JAMES K,Director,2026-09-01,8269.0,5.11,42254.590000000004
2026-09-02,0002057567-26-000008,0001336706,NORTHPOINTE BANCSHARES INC,NPB,Williams Charles Alan,"Director, CHAIRMAN & CEO, 10% owner",2026-09-01,85000.0,16.7403,1422925.5
2026-09-02,0001213900-26-096631,0001439124,AXIA Energia S.A.,AXIA3,Batista de Lima Filho Pedro,Director,2026-08-31,10600.0,10.27,108862.0
2026-09-02,0001213900-26-096631,0001439124,AXIA Energia S.A.,AXIA3,Batista de Lima Filho Pedro,Director,2026-08-31,15100.0,10.27,155077.0
2026-09-02,0001213900-26-096631,0001439124,AXIA Energia S.A.,AXIA3,Batista de Lima Filho Pedro,Director,2026-08-31,3400.0,10.27,34918.0
2026-09-02,0001213900-26-096631,0001439124,AXIA Energia S.A.,AXIA3,Batista de Lima Filho Pedro,Director,2026-08-31,64500.0,10.27,662415.0
2026-09-02,0002022936-26-000016,0001469395,Pampa Energy Inc.,PAM,Mindlin Marcos Marcelo,"Director, 10% owner",2026-08-31,500000.0,3.44,1720000.0
2026-09-02,0001221359-26-000055,0001500217,"American Assets Trust, Inc.",AAT,RADY ERNEST S,"Director, Executive Chairman, 10% owner",2026-08-31,20000.0,22.33,446599.99999999994
2026-09-02,0001221359-26-000055,0001500217,"American Assets Trust, Inc.",AAT,RADY ERNEST S,"Director, Executive Chairman, 10% owner",2026-09-01,50000.0,22.4,1120000.0
2026-09-02,0001221359-26-000055,0001500217,"American Assets Trust, Inc.",AAT,RADY ERNEST S,"Director, Executive Chairman, 10% owner",2026-09-02,96636.0,22.5,2174310.0
2026-09-02,0001628280-26-059977,0001576789,Wix.com Ltd.,WIX,Abrahami Avishai,"Director, Chief Executive Officer",2026-08-31,654.0,59.89,39168.06
2026-09-02,0001628280-26-059986,0001576789,Wix.com Ltd.,WIX,Even-Haim Yaniv,CTO,2026-08-31,320.0,59.89,19164.8
2026-09-02,0001628280-26-059988,0001576789,Wix.com Ltd.,WIX,Meyer Shelly B,Chief People Officer,2026-08-31,479.0,59.89,28687.31
2026-09-02,0001628280-26-059984,0001576789,Wix.com Ltd.,WIX,Shai Omer,CMO,2026-08-31,490.0,59.89,29346.1
2026-09-02,0001628280-26-059982,0001576789,Wix.com Ltd.,WIX,Shemesh Lior,CFO,2026-08-31,456.0,59.89,27309.84
2026-09-02,0001628280-26-059979,0001576789,Wix.com Ltd.,WIX,Zohar Nir,President,2026-08-31,376.0,59.89,22518.64
2026-09-02,0001628280-26-059979,0001576789,Wix.com Ltd.,WIX,Zohar Nir,President,2026-08-31,271.0,59.89,16230.19
2026-09-02,0001437749-26-029545,0001625101,"PULSE BIOSCIENCES, INC.",PLSE,Teplitsky Liane Rae,Chief Operating Officer,2026-08-31,1024.0,48.8,49971.2
2026-09-02,0001437749-26-029545,0001625101,"PULSE BIOSCIENCES, INC.",PLSE,Teplitsky Liane Rae,Chief Operating Officer,2026-09-01,1001.0,49.95,49999.950000000004
2026-09-02,0001628280-26-060167,0001639438,"CAVA GROUP, INC.",CAVA,Thompson Douglas W.,Chief Operations Officer,2026-08-31,6500.0,66.52,432380.0
2026-09-02,0001539497-26-002446,0001649096,Clipper Realty Inc.,CLPR,Levinson Sam,"Director, 10% owner",2026-09-02,5387.0,3.2462,17487.2794
2026-09-02,0001268406-26-000009,0001692819,Vistra Corp.,VST,BURKE JAMES A,"Director, President and CEO",2026-08-31,2200.0,135.99,299178.0
2026-09-02,0001268406-26-000009,0001692819,Vistra Corp.,VST,BURKE JAMES A,"Director, President and CEO",2026-09-01,4465.0,135.25,603891.25
2026-09-02,0001628280-26-060234,0001736730,Camp4 Therapeutics Corp,CAMP,Gold Kelly,Chief Financial Officer,2026-08-31,10000.0,3.96,39600.0
2026-09-02,0001628280-26-060095,0001809987,"Mirion Technologies, Inc.",MIR,Schopfer Brian,Chief Financial Officer,2026-09-02,20000.0,15.6,312000.0
2026-09-02,0000905148-26-004066,0001818502,OppFi Inc.,OPFI,Schwartz Todd G.,"Director, Chief Executive Officer, 10% owner",2026-09-01,3550.0,6.9133,24542.215
2026-09-02,0001831631-26-000105,0001831631,"loanDepot, Inc.",LDI,Hsieh Anthony Li,"Director, Executive Chair, CEO & Pres., 10% owner",2026-08-31,145365.0,0.9449,137355.3885
2026-09-02,0001831631-26-000105,0001831631,"loanDepot, Inc.",LDI,Hsieh Anthony Li,"Director, Executive Chair, CEO & Pres., 10% owner",2026-09-01,60208.0,0.9172,55222.7776
2026-09-02,0001841761-26-000092,0001841761,"Grove Collaborative Holdings, Inc.",GROV,Karp Jason H.,Director,2026-09-01,55000.0,1.0278,56529.0
2026-09-02,0001841761-26-000092,0001841761,"Grove Collaborative Holdings, Inc.",GROV,Karp Jason H.,Director,2026-09-02,15200.0,1.0761,16356.720000000001
2026-09-02,0001841761-26-000090,0001841761,"Grove Collaborative Holdings, Inc.",GROV,Yurcisin Jeffrey Michael,"Director, President & CEO",2026-09-01,90000.0,1.0521,94689.0
2026-09-02,0001628280-26-060113,0001842279,OPAL Fuels Inc.,OPAL,Comora Adam,Co-Chief Executive Officer,2026-09-01,50000.0,1.93,96500.0
2026-09-02,0001628280-26-060107,0001842279,OPAL Fuels Inc.,OPAL,Nisar Nadeem,Director,2026-08-31,10000.0,1.98,19800.0
2026-09-02,0001628280-26-060107,0001842279,OPAL Fuels Inc.,OPAL,Nisar Nadeem,Director,2026-09-01,10000.0,1.91,19100.0
2026-09-02,0001193125-26-380595,0001880438,"AN2 Therapeutics, Inc.",ANTX,FitzPatrick Margaret M,Director,2026-09-01,2098.0,5.53,11601.94
2026-09-02,0001628280-26-060096,0001909747,Jushi Holdings Inc.,JUSH,Cacioppo James,"Director, Chief Executive Officer, 10% owner",2026-08-31,71686.0,0.51,36559.86
2026-09-02,0001628280-26-060096,0001909747,Jushi Holdings Inc.,JUSH,Cacioppo James,"Director, Chief Executive Officer, 10% owner",2026-09-01,248000.0,0.519,128712.0
2026-09-02,0001628280-26-060001,0001928446,"Granite Ridge Resources, Inc.",GRNT,MCCARTNEY JOHN,Director,2026-09-01,5000.0,5.04,25200.0
2026-09-02,0001683168-26-006884,0001941536,"Bridger Aerospace Group Holdings, Inc.",BAER,KELTER JEFFREY E,Director,2026-09-01,100000.0,1.097,109700.0
2026-09-02,0001683168-26-006884,0001941536,"Bridger Aerospace Group Holdings, Inc.",BAER,KELTER JEFFREY E,Director,2026-09-01,100000.0,1.0944,109440.0
2026-09-02,0001213900-26-096450,0001981662,NewGenIvf Group Ltd,NIVF,Cheung Kong Yiu,"Director, 10% owner",2026-05-28,222223.0,1.5,333334.5
2026-09-02,0001213900-26-096450,0001981662,NewGenIvf Group Ltd,NIVF,Cheung Kong Yiu,"Director, 10% owner",2026-06-02,500000.0,1.33,665000.0
2026-09-02,0001213900-26-096450,0001981662,NewGenIvf Group Ltd,NIVF,Cheung Kong Yiu,"Director, 10% owner",2026-06-18,500000.0,1.33,665000.0
2026-09-02,0001213900-26-096450,0001981662,NewGenIvf Group Ltd,NIVF,Cheung Kong Yiu,"Director, 10% owner",2026-07-27,2500000.0,1.0,2500000.0
2026-09-02,0001493152-26-041236,0002027360,RedCloud Holdings plc,RCT,Senn Nikolaus Beat,"Director, 10% owner",2026-08-27,2500000.0,0.25,625000.0
2026-09-02,0001680809-26-000007,0002082866,"Pinnacle Financial Partners, Inc.",PNFP,Blair Kevin S.,"Director, Chief Executive Officer",2026-09-01,2565.0,97.48,250036.2
2026-09-02,0001104659-26-104746,0002147219,Rainier Acquisition Corp,RNAQ,GROSSMAN JONAS,"Director, 10% owner",2026-09-02,5625.0,10.0,56250.0
2026-09-03,0000101382-26-000180,0000101382,UMB FINANCIAL CORP,UMBF,GRAVES GREG M,Director,2026-09-01,573.145,139.6,80011.042
2026-09-03,0000101382-26-000181,0000101382,UMB FINANCIAL CORP,UMBF,Peterman Tamara,Director,2026-09-01,394.0553,139.6,55010.11988
2026-09-03,0001193125-26-382419,0000315293,Aon plc,AON,KNIGHT LESTER B,Director,2026-09-02,1739.0,325.63,566270.57
2026-09-03,0001193125-26-382419,0000315293,Aon plc,AON,KNIGHT LESTER B,Director,2026-09-02,5097.0,326.53,1664323.41
2026-09-03,0001193125-26-382419,0000315293,Aon plc,AON,KNIGHT LESTER B,Director,2026-09-02,7212.0,327.52,2362074.2399999998
2026-09-03,0001193125-26-382419,0000315293,Aon plc,AON,KNIGHT LESTER B,Director,2026-09-02,4145.0,328.34,1360969.2999999998
2026-09-03,0001193125-26-382419,0000315293,Aon plc,AON,KNIGHT LESTER B,Director,2026-09-02,1440.0,329.69,474753.6
2026-09-03,0001193125-26-382419,0000315293,Aon plc,AON,KNIGHT LESTER B,Director,2026-09-02,367.0,330.51,121297.17
2026-09-03,0001140361-26-035560,0000357301,TRUSTCO BANK CORP N Y,TRST,McCormick Lauren Ann,"VP,Treasurer, Asst. Corp. Sec.",2026-09-02,436.0,57.34,25000.24
2026-09-03,0001193125-26-381287,0000717806,"FIRST US BANCSHARES, INC.",FUSB,FIELD Robert C,Director,2026-09-01,3300.0,16.39,54087.0
2026-09-03,0002074050-26-000026,0000850027,"EAGLE CAPITAL GROWTH FUND, INC.",GRF,SIMS LUKE E,"Director, President & CEO",2026-09-01,2560.0,9.9903,25575.167999999998
2026-09-03,0001193125-26-381871,0000862831,FINANCIAL INSTITUTIONS INC,FISI,Zupan Mark,Director,2026-09-02,608.0,40.7721,24789.4368
2026-09-03,0001193125-26-382168,0001013488,BJs RESTAURANTS INC,BJRI,Richmond C Bradford,Director,2026-09-03,500.0,59.5,29750.0
2026-09-03,0001193125-26-381567,0001325670,Primis Financial Corp.,FRST,Johnson Eric Alan,Director,2026-09-01,1280.0,15.6,19968.0
2026-09-03,0001437749-26-029649,0001431567,Oak Valley Bancorp,OVLY,LAFFERTY ALLISON,Director,2026-08-26,910.0,33.91,30858.1
2026-09-03,0001662972-26-000133,0001662972,"Blackstone Real Estate Income Trust, Inc.",NONE,Harper Robert G IV,Head of Asset Management,2026-09-01,955.768,14.6479,13999.9940872
2026-09-03,0001193125-26-382162,0001669811,"Donnelley Financial Solutions, Inc.",DFIN,BINZ JOSEPH LEO,Director,2026-09-01,5000.0,47.75,238750.0
2026-09-03,0001193125-26-382162,0001669811,"Donnelley Financial Solutions, Inc.",DFIN,BINZ JOSEPH LEO,Director,2026-09-01,10000.0,48.5245,485245.00000000006
2026-09-03,0001193125-26-382162,0001669811,"Donnelley Financial Solutions, Inc.",DFIN,BINZ JOSEPH LEO,Director,2026-09-02,5780.0,47.75,275995.0
2026-09-03,0001628280-26-060490,0001693736,EquipmentShare.com Inc,EQPT,Schlacks Jabbok,"Director, Founder & CEO",2026-09-01,15000.0,17.03,255450.00000000003
2026-09-03,0001628280-26-060490,0001693736,EquipmentShare.com Inc,EQPT,Schlacks Jabbok,"Director, Founder & CEO",2026-09-02,10000.0,17.69,176900.0
2026-09-03,0002090370-26-000006,0001784570,"BETA Technologies, Inc.",BETA,Stone Michael Robert,Director,2026-09-01,12820.0,19.5779,250988.67799999999
2026-09-03,0002090370-26-000006,0001784570,"BETA Technologies, Inc.",BETA,Stone Michael Robert,Director,2026-09-02,13125.0,19.1855,251809.6875
2026-09-03,0000905148-26-004076,0001818502,OppFi Inc.,OPFI,Schwartz Todd G.,"Director, Chief Executive Officer, 10% owner",2026-09-02,3550.0,7.1485,25377.175
2026-09-03,0001193125-26-380960,0001821468,17 Education & Technology Group Inc.,YQ,Liu Chang,"Director, Chief Executive Officer, 10% owner",2026-09-02,9055.0,2.1887,19818.678499999998
2026-09-03,0001865200-26-000083,0001865200,"Angel Studios, Inc.",ANGX,Sarowitz Steven I,Director,2026-09-01,10979.0,4.2741,46925.3439
2026-09-03,0001193125-26-381955,0001925309,Sixth Street Lending Partners,NONE,Doddy Hurley,Director,2026-09-01,1173.0,28.78,33758.94
2026-09-03,0001193125-26-381959,0001925309,Sixth Street Lending Partners,NONE,HIGGINBOTHAM RICHARD A,Director,2026-09-01,1173.0,28.78,33758.94
2026-09-03,0001193125-26-381956,0001925309,Sixth Street Lending Partners,NONE,Slotkin Judy S,Director,2026-09-01,1173.0,28.78,33758.94
2026-09-03,0001193125-26-381958,0001925309,Sixth Street Lending Partners,NONE,Tanemura Ronald,Director,2026-09-01,1759.0,28.78,50624.020000000004
2026-09-03,0001193125-26-381963,0001925309,Sixth Street Lending Partners,NONE,Waxman Alan,Vice President,2026-09-01,1405583.0,28.78,40452678.74
2026-09-03,0001193125-26-381963,0001925309,Sixth Street Lending Partners,NONE,Waxman Alan,Vice President,2026-09-01,255924.0,28.78,7365492.720000001
2026-09-03,0001571166-26-000003,0001967649,Vestis Corp,VSTS,Barber James J.,"Director, President & CEO",2026-09-02,84500.0,12.3714,1045383.2999999999
2026-09-03,0001628280-26-060445,0001982518,Smith Douglas Homes Corp.,SDHC,Bennett Gregory S,"Director, See Remarks",2026-09-01,1000.0,12.1966,12196.6
2026-09-03,0001628280-26-060445,0001982518,Smith Douglas Homes Corp.,SDHC,Bennett Gregory S,"Director, See Remarks",2026-09-02,1000.0,11.5,11500.0
2026-09-03,0002109337-26-000011,0002025416,OBOOK HOLDINGS INC.,OWLS,WANG CHUN KAI,"Director, Chief Executive Officer",2026-09-02,11600.0,5.0085,58098.6
2026-09-03,0002035989-26-000078,0002035989,Amrize Ltd,AMRZ,Jenisch Jan Philipp,"Director, Chairman & CEO",2026-09-02,10000.0,42.37,423700.0
2026-09-03,0002035989-26-000078,0002035989,Amrize Ltd,AMRZ,Jenisch Jan Philipp,"Director, Chairman & CEO",2026-09-02,15000.0,42.53,637950.0
2026-09-03,0002035989-26-000078,0002035989,Amrize Ltd,AMRZ,Jenisch Jan Philipp,"Director, Chairman & CEO",2026-09-02,1000.0,42.44,42440.0
2026-09-03,0002035989-26-000078,0002035989,Amrize Ltd,AMRZ,Jenisch Jan Philipp,"Director, Chairman & CEO",2026-09-02,2000.0,42.53,85060.0
2026-09-03,0002035989-26-000078,0002035989,Amrize Ltd,AMRZ,Jenisch Jan Philipp,"Director, Chairman & CEO",2026-09-02,2000.0,42.465,84930.0
2026-09-03,0001437749-26-029624,0002058758,"Avidia Bancorp, Inc.",AVBC,Nelson Jonathan Michael,CFO and Treasurer,2026-09-03,4500.0,22.19,99855.0
2026-09-03,0001628280-26-060444,0002089271,Honeywell Aerospace Inc.,HONA,ARNOLD CRAIG,Director,2026-09-01,6400.0,156.0,998400.0
2026-09-04,0001193125-26-383385,0000880417,"CSB Bancorp, Inc.",CSBB,STEINER EDDIE L,"Director, President & CEO",2026-09-02,500.0,73.51,36755.0
2026-09-04,0001193125-26-383388,0000880417,"CSB Bancorp, Inc.",CSBB,Schillig Stephen E,Director,2026-09-03,134.0,76.99,10316.66
2026-09-04,0001046179-26-000596,0001046179,TAIWAN SEMICONDUCTOR MANUFACTURING CO LTD,TSM,Fang Shu-Hua,SVP and GC,2026-07-02,1000.0,77.09,77090.0
2026-09-04,0001532601-26-000007,0001408198,MSCI Inc.,MSCI,Taneja Rajat,Director,2026-09-02,1786.0,560.0,1000160.0
2026-09-04,0001193125-26-384028,0001420800,Enovis CORP,ENOV,Engert Oliver,Chief Administrative Officer,2026-09-02,2458.0,20.32,49946.56
2026-09-04,0001193125-26-384028,0001420800,Enovis CORP,ENOV,Engert Oliver,Chief Administrative Officer,2026-09-03,5140.0,19.46,100024.40000000001
2026-09-04,0001193125-26-384027,0001420800,Enovis CORP,ENOV,McDonald Damien,"Director, Chief Executive Officer",2026-09-04,13035.0,19.15,249620.24999999997
2026-09-04,0000905148-26-004085,0001604464,"Atara Biotherapeutics, Inc.",ATRA,Cherry Brian N,Director,2026-09-04,104166.0,9.6,999993.6
2026-09-04,0001104659-26-105187,0001625414,Baozun Inc.,BZUN,Wu Junhua,"Director, Chief Strategy Officer",2026-09-02,13500.0,2.85,38475.0
2026-09-04,0001628280-26-060731,0001693736,EquipmentShare.com Inc,EQPT,Schlacks William J.,"Director, Founder & President",2026-09-02,10000.0,17.79,177900.0
2026-09-04,0001724519-26-000010,0001712184,Liberty Latin America Ltd.,LILA,DE ANGOITIA ALFONSO,Director,2026-08-31,145490.0,20.9999,3055275.451
2026-09-04,0001724519-26-000010,0001712184,Liberty Latin America Ltd.,LILA,DE ANGOITIA ALFONSO,Director,2026-09-01,17596.0,20.649,363339.804
2026-09-04,0001724519-26-000010,0001712184,Liberty Latin America Ltd.,LILA,DE ANGOITIA ALFONSO,Director,2026-09-02,313104.0,20.9511,6559873.2144
2026-09-04,0001750155-26-000121,0001750155,"Charlotte's Web Holdings, Inc.",CWBHF,Kunkel Raymond J.,Chief Operating Officer,2026-09-03,137935.0,0.285,39311.475
2026-09-04,0000905148-26-004082,0001818502,OppFi Inc.,OPFI,Schwartz Todd G.,"Director, Chief Executive Officer, 10% owner",2026-09-03,3450.0,7.3348,25305.06
2026-09-04,0001193125-26-382783,0001821468,17 Education & Technology Group Inc.,YQ,Liu Chang,"Director, Chief Executive Officer, 10% owner",2026-09-03,10000.0,2.3788,23788.0
2026-09-04,0001628280-26-060750,0001822523,Advanced Flower Capital Inc.,AFCG,TANNENBAUM LEONARD M,"Director, 10% owner",2026-09-02,15223.0,3.59,54650.57
2026-09-04,0000897069-26-001756,0001825088,"Dream Finders Homes, Inc.",DFH,Sturm Len,Director,2026-09-03,1500.0,13.47,20205.0
2026-09-04,0001193125-26-383717,0001956439,Enhanced Group Inc.,ENHA,Apeiron Investment Group Ltd.,"Director, 10% owner",2026-09-02,107693.0,1.5751,169627.2443
2026-09-04,0001193125-26-383717,0001956439,Enhanced Group Inc.,ENHA,Apeiron Investment Group Ltd.,"Director, 10% owner",2026-09-03,25414.0,1.5799,40151.5786
2026-09-08,0001200244-26-000006,0000055242,KENNAMETAL INC,KMT,HARSHMAN RICHARD J,Director,2026-09-04,5000.0,30.21,151050.0
2026-09-08,0001628280-26-060888,0000100493,"TYSON FOODS, INC.",TSN,Schomburger Jeffrey K,"Director, President & CEO Elect",2026-09-04,19450.0,51.497,1001616.65
2026-09-08,0002141866-26-000006,0000318833,TEAM INC,TISI,Roeder Clinton William,Chief Financial Officer,2026-09-03,8000.0,27.59,220720.0
2026-09-08,0001683168-26-007021,0000798287,PAMT CORP,PAMT,MOROUN MATTHEW T,"Director, 10% owner",2026-09-03,3268000.0,9.555,31225740.0
2026-09-08,0001214659-26-011479,0000896493,"Hyperscale Data, Inc.",GPUS,CRAGUN KENNETH S,Chief Financial Officer,2026-09-04,100000.0,0.1865,18650.0
2026-09-08,0001214659-26-011477,0000896493,"Hyperscale Data, Inc.",GPUS,Horne William B.,"Director, Chief Executive Officer",2026-09-04,100000.0,0.2,20000.0
2026-09-08,0001214659-26-011477,0000896493,"Hyperscale Data, Inc.",GPUS,Horne William B.,"Director, Chief Executive Officer",2026-09-08,60000.0,0.187,11220.0
2026-09-08,0001214659-26-011478,0000896493,"Hyperscale Data, Inc.",GPUS,Nisser Henry Carl,"Director, President and General Counsel",2026-09-04,250000.0,0.1871,46775.0
2026-09-08,0002127888-26-000004,0001131343,ALTERITY THERAPEUTICS LTD,ATHE,Marks Peter Ashley,Director,2026-08-31,47620.0,0.5,23810.0
2026-09-08,0001853874-26-000014,0001158172,"COMSCORE, INC.",SCOR,McLaughlin Matthew F.,"Director, Chief Executive Officer",2026-09-04,16633.0,5.06,84162.98
2026-09-08,0001853874-26-000014,0001158172,"COMSCORE, INC.",SCOR,McLaughlin Matthew F.,"Director, Chief Executive Officer",2026-09-08,3367.0,5.19,17474.73
2026-09-08,0001492292-26-000004,0001163370,NORTHRIM BANCORP INC,NRIM,Thomas Linda C,Director,2026-09-08,1200.0,26.2,31440.0
2026-09-08,0001868288-26-000004,0001326380,GameStop Corp.,GME,Cheng Lawrence,Director,2026-09-08,55000.0,18.7992,1033956.0
2026-09-08,0001193125-26-385615,0001420800,Enovis CORP,ENOV,Engert Oliver,Chief Administrative Officer,2026-09-04,2660.0,18.8,50008.0
2026-09-08,0001971798-26-000005,0001500198,NEUROONE MEDICAL TECHNOLOGIES Corp,NMTC,Wambeke David J.,Chief Business Officer,2026-08-27,33333.0,2.01,66999.32999999999
2026-09-08,0001515156-26-000125,0001515156,"Arq, Inc.",ARQ,Steinmetz Shimon,Chief Financial Officer,2026-09-03,7500.0,2.2178,16633.5
2026-09-08,0001515156-26-000125,0001515156,"Arq, Inc.",ARQ,Steinmetz Shimon,Chief Financial Officer,2026-09-03,8770.0,2.2251,19514.127
2026-09-08,0002071761-26-000011,0001543151,"Uber Technologies, Inc",UBER,Macdonald Andrew,See Remarks,2026-09-04,54325.0,75.6526,4109827.4950000006
2026-09-08,0002071761-26-000011,0001543151,"Uber Technologies, Inc",UBER,Macdonald Andrew,See Remarks,2026-09-04,15675.0,76.4425,1198236.1875
2026-09-08,0001193125-26-385306,0001666291,"Claros Mortgage Trust, Inc.",CMTG,Mack Richard,"Director, CEO AND CHAIRMAN",2026-09-03,200000.0,1.5924,318480.0
2026-09-08,0001193125-26-385306,0001666291,"Claros Mortgage Trust, Inc.",CMTG,Mack Richard,"Director, CEO AND CHAIRMAN",2026-09-04,20603.0,1.5901,32760.8303
2026-09-08,0001812746-26-000012,0001704715,"Alpha Metallurgical Resources, Inc.",AMR,Courtis Kenneth S.,Director,2026-09-08,1847.0,223.85,413450.95
2026-09-08,0001812746-26-000012,0001704715,"Alpha Metallurgical Resources, Inc.",AMR,Courtis Kenneth S.,Director,2026-09-08,2109.0,225.21,474967.89
2026-09-08,0001812746-26-000012,0001704715,"Alpha Metallurgical Resources, Inc.",AMR,Courtis Kenneth S.,Director,2026-09-08,2749.0,226.13,621631.37
2026-09-08,0001812746-26-000012,0001704715,"Alpha Metallurgical Resources, Inc.",AMR,Courtis Kenneth S.,Director,2026-09-08,2891.0,226.92,656025.72
2026-09-08,0001812746-26-000012,0001704715,"Alpha Metallurgical Resources, Inc.",AMR,Courtis Kenneth S.,Director,2026-09-08,305.0,227.88,69503.4
2026-09-08,0001812746-26-000012,0001704715,"Alpha Metallurgical Resources, Inc.",AMR,Courtis Kenneth S.,Director,2026-09-08,99.0,229.39,22709.609999999997
2026-09-08,0001628280-26-060814,0001798100,NETSTREIT Corp.,NTST,Donlan Daniel P,CFO and Treasurer,2026-09-04,1200.0,20.12,24144.0
2026-09-08,0001104659-26-105690,0001814114,"Orchestra BioMed Holdings, Inc.",OBIO,Hochman David P,"Director, See Remarks",2026-09-03,10000.0,4.79,47900.0
2026-09-08,0000905148-26-004102,0001818502,OppFi Inc.,OPFI,Schwartz Todd G.,"Director, Chief Executive Officer, 10% owner",2026-09-04,3500.0,7.3547,25741.45
2026-09-08,0001368618-26-000015,0001826681,Palladyne AI Corp.,PDYN,Wolff Benjamin G,"Director, PRESIDENT & CEO",2026-09-08,17121.0,5.7899,99128.8779
2026-09-08,0001847066-26-000005,0001830033,"PureCycle Technologies, Inc.",PCT,Musa Fernando,Director,2026-09-04,15479.0,6.38,98756.02
2026-09-08,0001628280-26-060916,0001842279,OPAL Fuels Inc.,OPAL,Comora Adam,Co-Chief Executive Officer,2026-09-03,20000.0,2.08,41600.0
2026-09-08,0000945621-26-001118,0001843974,Destiny Tech100 Inc.,DXYZ,Prasad Sohail,"Director, President and CEO",2026-09-01,33000.0,31.4,1036200.0
2026-09-08,0000945621-26-001118,0001843974,Destiny Tech100 Inc.,DXYZ,Prasad Sohail,"Director, President and CEO",2026-09-02,13240.0,31.53,417457.2
2026-09-08,0000945621-26-001118,0001843974,Destiny Tech100 Inc.,DXYZ,Prasad Sohail,"Director, President and CEO",2026-09-03,9760.0,32.14,313686.4
2026-09-08,0001628280-26-060851,0001928446,"Granite Ridge Resources, Inc.",GRNT,Kettler Ronald Kyle,Chief Financial Officer,2026-09-04,6000.0,5.05,30300.0
2026-09-08,0001881975-26-000004,0001987240,SCHMID Group N.V.,SHMD,Speth Ralf,Director,2026-08-31,35000.0,3.248,113680.00000000001
2026-09-08,0001881975-26-000004,0001987240,SCHMID Group N.V.,SHMD,Speth Ralf,Director,2026-09-02,33000.0,3.05,100650.0
2026-09-08,0001240801-26-000004,0002007919,"Inhibrx Biosciences, Inc.",INBX,FORSYTH DOUGLAS,Director,2026-09-08,2500.0,114.6469,286617.25
2026-09-08,0001366268-26-000004,0002007919,"Inhibrx Biosciences, Inc.",INBX,Kayyem Jon Faiz,Director,2026-09-08,5000.0,113.516,567580.0
2026-09-08,0001366074-26-000002,0002007919,"Inhibrx Biosciences, Inc.",INBX,Lappe Mark,"Director, Chief Executive Officer",2026-09-08,5895.0,99.2948,585342.846
2026-09-08,0001366074-26-000002,0002007919,"Inhibrx Biosciences, Inc.",INBX,Lappe Mark,"Director, Chief Executive Officer",2026-09-08,6605.0,100.6388,664719.274
2026-09-08,0001366074-26-000002,0002007919,"Inhibrx Biosciences, Inc.",INBX,Lappe Mark,"Director, Chief Executive Officer",2026-09-08,1100.0,107.1239,117836.29000000001
2026-09-08,0001366074-26-000002,0002007919,"Inhibrx Biosciences, Inc.",INBX,Lappe Mark,"Director, Chief Executive Officer",2026-09-08,500.0,108.235,54117.5
2026-09-08,0001366074-26-000002,0002007919,"Inhibrx Biosciences, Inc.",INBX,Lappe Mark,"Director, Chief Executive Officer",2026-09-08,1219.0,111.8805,136382.3295
2026-09-08,0001366074-26-000002,0002007919,"Inhibrx Biosciences, Inc.",INBX,Lappe Mark,"Director, Chief Executive Officer",2026-09-08,9681.0,112.2819,1087001.0739
2026-09-08,0001213900-26-098030,0002011674,YD Bio Ltd,YDES,Shen Ethan PhD,"Director, CEO",2026-09-04,18378.0,3.67,67447.26
2026-09-09,0001837347-26-000003,0000067215,DYCOM INDUSTRIES INC,DY,Peyovich Daniel S,President & CEO,2026-09-09,850.0,296.76,252246.0
2026-09-09,0000075288-26-000089,0000075288,OXFORD INDUSTRIES INC,OXM,Chubb Thomas Caldecot III,"Director, CEO and President",2026-09-09,3500.0,30.9338,108268.3
2026-09-09,0000310354-26-000092,0000310354,STANDEX INTERNATIONAL CORP/DE/,SXI,Arets Max,VP; Chief Information Officer,2026-09-04,42.0,273.94,11505.48
2026-09-09,0001161697-26-000210,0000704440,"KORU Medical Systems, Inc.",KRMD,KALBERMATTEN ADAM R,Chief Commercial Officer,2026-09-08,32000.0,3.16,101120.0
2026-09-09,0001697904-26-000007,0000761648,"CEDAR REALTY TRUST, INC.",CDR,Franklin Michael Andrew,"Director, CEO",2026-09-08,1472.0,15.4,22668.8
2026-09-09,0001214659-26-011521,0000896493,"Hyperscale Data, Inc.",GPUS,AULT MILTON C III,"Director, Executive Chairman, 10% owner",2026-09-04,196800.0,0.1926,37903.68
2026-09-09,0001214659-26-011521,0000896493,"Hyperscale Data, Inc.",GPUS,AULT MILTON C III,"Director, Executive Chairman, 10% owner",2026-09-04,1913691.0,0.1889,361496.22990000003
2026-09-09,0001046179-26-000644,0001046179,TAIWAN SEMICONDUCTOR MANUFACTURING CO LTD,TSM,Wei Che-Chia,"Director, Chairman and CEO",2026-09-07,149.0,76.2,11353.800000000001
2026-09-09,0001683168-26-007037,0001114925,LANTRONIX INC,LTRX,Awsare Saleel,"Director, President & CEO",2026-09-09,15000.0,5.179,77685.0
2026-09-09,0001104659-26-106308,0001175151,Cytosorbents Corp,CTSO,Chan Phillip P.,"Director, Chief Executive Officer",2026-09-04,200000.0,0.35,70000.0
2026-09-09,0001294357-26-000015,0001287032,PROSPECT CAPITAL CORP,PSEC,Barry John F,"Director, CHIEF EXECUTIVE OFFICER, 10% owner",2026-09-04,1217105.0,2.24,2726315.2
2026-09-09,0001840480-26-000002,0001326380,GameStop Corp.,GME,Grube James,Director,2026-09-09,10255.0,19.12,196075.6
2026-09-09,0001140361-26-036090,0001378950,"CarParts.com, Inc.",PRTS,Huffaker Michael,COO,2026-09-04,21160.0,9.11,192767.59999999998
2026-09-09,0001140361-26-036090,0001378950,"CarParts.com, Inc.",PRTS,Huffaker Michael,COO,2026-09-08,21718.0,9.35,203063.3
2026-09-09,0001140361-26-036090,0001378950,"CarParts.com, Inc.",PRTS,Huffaker Michael,COO,2026-09-09,36580.0,9.64,352631.2
2026-09-09,0001140361-26-036089,0001378950,"CarParts.com, Inc.",PRTS,Meniane David,CEO,2026-09-04,21154.0,9.11,192712.94
2026-09-09,0001140361-26-036089,0001378950,"CarParts.com, Inc.",PRTS,Meniane David,CEO,2026-09-08,21742.0,9.35,203287.69999999998
2026-09-09,0001140361-26-036089,0001378950,"CarParts.com, Inc.",PRTS,Meniane David,CEO,2026-09-09,36643.0,9.64,353238.52
2026-09-09,0001171843-26-005964,0001446159,Axe Compute Inc.,AGPU,Zhu Theodore,Director,2026-09-08,5000.0,10.875,54375.0
2026-09-09,0001171843-26-005964,0001446159,Axe Compute Inc.,AGPU,Zhu Theodore,Director,2026-09-08,3750.0,11.72,43950.0
2026-09-09,0001498547-26-000057,0001498547,"CIM GROUP, INC.",NONE,RESSLER RICHARD S,"Director, CEO & President, 10% owner",2026-09-04,526808.168,5.14,2707793.98352
2026-09-09,0001505732-26-000116,0001505732,"Bankwell Financial Group, Inc.",BWFG,Dale Eric J,Director,2026-09-08,530.0,67.11,35568.3
2026-09-09,0001505732-26-000115,0001505732,"Bankwell Financial Group, Inc.",BWFG,Dunne Jeffrey R,Director,2026-09-08,261.0,67.11,17515.71
2026-09-09,0001505732-26-000113,0001505732,"Bankwell Financial Group, Inc.",BWFG,Porto Carl M,Director,2026-09-08,327.0,67.11,21944.97
2026-09-09,0001026081-26-000026,0001505732,"Bankwell Financial Group, Inc.",BWFG,SEIDMAN LAWRENCE B,"Director, 10% owner",2026-09-08,266.0,67.11,17851.26
2026-09-09,0001026081-26-000026,0001505732,"Bankwell Financial Group, Inc.",BWFG,SEIDMAN LAWRENCE B,"Director, 10% owner",2026-09-08,1956.0,66.92,130895.52
2026-09-09,0001026081-26-000026,0001505732,"Bankwell Financial Group, Inc.",BWFG,SEIDMAN LAWRENCE B,"Director, 10% owner",2026-09-08,510.0,66.95,34144.5
2026-09-09,0001026081-26-000026,0001505732,"Bankwell Financial Group, Inc.",BWFG,SEIDMAN LAWRENCE B,"Director, 10% owner",2026-09-08,432.0,66.95,28922.4
2026-09-09,0001026081-26-000026,0001505732,"Bankwell Financial Group, Inc.",BWFG,SEIDMAN LAWRENCE B,"Director, 10% owner",2026-09-08,1304.0,66.92,87263.68000000001
2026-09-09,0001026081-26-000026,0001505732,"Bankwell Financial Group, Inc.",BWFG,SEIDMAN LAWRENCE B,"Director, 10% owner",2026-09-08,515.0,66.94,34474.1
2026-09-09,0001026081-26-000026,0001505732,"Bankwell Financial Group, Inc.",BWFG,SEIDMAN LAWRENCE B,"Director, 10% owner",2026-09-08,283.0,66.98,18955.34
2026-09-09,0001493152-26-042006,0001589149,"Greenwave Technology Solutions, Inc.",GWAV,Meeks Danny,"Director, Chief Executive Officer, 10% owner",2026-08-27,2152853.0,3.716,8000001.748000001
2026-09-09,0001628280-26-061096,0001697500,"Solaris Energy Infrastructure, Inc.",SEI,TEAGUE AJ,Director,2026-09-08,3900.0,64.21,250418.99999999997
2026-09-09,0001628280-26-061096,0001697500,"Solaris Energy Infrastructure, Inc.",SEI,TEAGUE AJ,Director,2026-09-08,3900.0,64.25,250575.0
2026-09-09,0001628280-26-061167,0001772016,"BELLRING BRANDS, INC.",BRBR,CONWAY SHAWN,Director,2026-09-08,2022.244,9.89,19999.99316
2026-09-09,0001648814-26-000004,0001805385,"Evolv Technologies Holdings, Inc.",EVLV,Shapiro Richard A,Director,2026-09-04,13500.0,4.96,66960.0
2026-09-09,0001648814-26-000004,0001805385,"Evolv Technologies Holdings, Inc.",EVLV,Shapiro Richard A,Director,2026-09-04,6500.0,4.95,32175.0
2026-09-09,0001648814-26-000004,0001805385,"Evolv Technologies Holdings, Inc.",EVLV,Shapiro Richard A,Director,2026-09-04,9000.0,4.98,44820.00000000001
2026-09-09,0001648814-26-000004,0001805385,"Evolv Technologies Holdings, Inc.",EVLV,Shapiro Richard A,Director,2026-09-04,3600.0,4.94,17784.0
2026-09-09,0000905148-26-004125,0001818502,OppFi Inc.,OPFI,Schwartz Todd G.,"Director, Chief Executive Officer, 10% owner",2026-09-08,3475.0,7.4062,25736.545000000002
2026-09-09,0000912282-26-001246,0001833141,CYBIN INC.,CYBN,Glavine Paul,Chief Growth Officer,2026-08-31,90000.0,11.5853,1042677.0
2026-09-09,0000912282-26-001254,0001833141,CYBIN INC.,CYBN,So Eric H. L.,"Director, Executive Chair",2026-09-01,95000.0,11.805,1121475.0
2026-09-09,0001628280-26-061140,0001840572,Lucky Strike Entertainment Corp,LUCK,Shannon Thomas F.,"Director, Chief Executive Officer, 10% owner",2026-09-09,30000.0,5.86,175800.0
2026-09-09,0001231919-26-001158,0001847367,ALUMIS INC.,ALMS,AKKARAJU SRINIVAS,Director,2026-09-04,220070.0,11.173,2458842.11
2026-09-09,0001231919-26-001158,0001847367,ALUMIS INC.,ALMS,AKKARAJU SRINIVAS,Director,2026-09-08,273291.0,10.6271,2904290.7861
2026-09-09,0001231919-26-001158,0001847367,ALUMIS INC.,ALMS,AKKARAJU SRINIVAS,Director,2026-09-08,273290.0,10.6271,2904280.159
2026-09-09,0001877939-26-000079,0001877939,"Castellum, Inc.",CTM,Merriman Andrew,Chief Operating Officer,2026-09-09,40000.0,0.6193,24772.0
2026-09-09,0001193125-26-386771,0001956439,Enhanced Group Inc.,ENHA,Apeiron Investment Group Ltd.,"Director, 10% owner",2026-09-04,21034.0,1.6116,33898.3944
2026-09-09,0001193125-26-386771,0001956439,Enhanced Group Inc.,ENHA,Apeiron Investment Group Ltd.,"Director, 10% owner",2026-09-08,59337.0,1.5686,93076.0182
2026-09-09,0001193125-26-386771,0001956439,Enhanced Group Inc.,ENHA,Apeiron Investment Group Ltd.,"Director, 10% owner",2026-09-09,99342.0,1.6043,159374.3706
2026-09-09,0000912282-26-001251,0002067674,SILVER BOW MINING CORP.,SBMT,Naugle Charles Travis,"Director, Chief Executive Officer",2026-09-08,1500.0,8.28,12419.999999999998
2026-09-10,0001104659-26-106783,0000010048,BARNWELL INDUSTRIES INC,BRN,Horowitz Joshua,Director,2026-09-08,10478.0,0.996,10436.088
2026-09-10,0001193125-26-387512,0000717806,"FIRST US BANCSHARES, INC.",FUSB,FIELD Robert C,Director,2026-09-09,877.0,16.47,14444.189999999999
2026-09-10,0000723188-26-000110,0000723188,"COMMUNITY FINANCIAL SYSTEM, INC.",CBU,Singh Savneet,Director,2026-09-09,400.0,62.47,24988.0
2026-09-10,0001437749-26-030079,0001043186,"Stabilis Solutions, Inc.",SLNG,KUNTZ EDWARD L,Director,2026-09-09,5000.0,5.41,27050.0
2026-09-10,0001193125-26-388228,0001046102,RB GLOBAL INC.,RBA,Stein Deborah,Director,2026-09-09,300.0,81.14,24342.0
2026-09-10,0001193125-26-388228,0001046102,RB GLOBAL INC.,RBA,Stein Deborah,Director,2026-09-09,200.0,80.56,16112.0
2026-09-10,0001437749-26-030090,0001098146,PATRIOT NATIONAL BANCORP INC,PNBK,De Tomasi Mario,Director,2026-09-08,63000.0,0.96,60480.0
2026-09-10,0001193125-26-387586,0001325670,Primis Financial Corp.,FRST,Johnson Eric Alan,Director,2026-09-09,1565.0,15.95,24961.75
2026-09-10,0001840485-26-000006,0001326380,GameStop Corp.,GME,Attal Alain,Director,2026-09-10,5000.0,20.0,100000.0
2026-09-10,0000921895-26-002531,0001326380,GameStop Corp.,GME,Cohen Ryan,"Director, President, CEO and Chairman",2026-09-10,1000000.0,20.3759,20375900.0
2026-09-10,0001628280-26-061406,0001341766,"Celsius Holdings, Inc.",CELH,Fieldly John,"Director, Chief Executive Officer",2026-09-10,18000.0,27.4357,493842.60000000003
2026-09-10,0001289409-26-000008,0001350653,"Alphatec Holdings, Inc.",ATEC,Miles Patrick,"Director, CEO",2026-09-10,115000.0,8.81,1013150.0
2026-09-10,0001140361-26-036239,0001378950,"CarParts.com, Inc.",PRTS,Huffaker Michael,COO,2026-09-10,13250.0,10.06,133295.0
2026-09-10,0001140361-26-036237,0001378950,"CarParts.com, Inc.",PRTS,Meniane David,CEO,2026-09-10,13250.0,10.06,133295.0
2026-09-10,0001140361-26-036125,0001444192,"Grace Therapeutics, Inc.",GRCE,Kohli Prashant,"Director, Chief Executive Officer",2026-09-09,100000.0,2.14,214000.0
2026-09-10,0001184237-26-000008,0001543151,"Uber Technologies, Inc",UBER,KHOSROWSHAHI DARA,"Director, Chief Executive Officer",2026-09-10,141000.0,70.9642,10005952.200000001
2026-09-10,0001832812-26-000010,0001647639,"Upstart Holdings, Inc.",UPST,Gu Paul,"Director, Chief Executive Officer",2026-09-10,50000.0,25.55,1277500.0
2026-09-10,0001539497-26-002474,0001649096,Clipper Realty Inc.,CLPR,Levinson Sam,"Director, 10% owner",2026-09-08,6842.0,3.2432,22189.9744
2026-09-10,0001539497-26-002474,0001649096,Clipper Realty Inc.,CLPR,Levinson Sam,"Director, 10% owner",2026-09-09,110710.0,3.3054,365940.83400000003
2026-09-10,0001104659-26-106712,0001653384,Runway Growth Finance Corp.,RWAY,Rovner Michael,Co-Chief Executive Officer,2026-09-09,7000.0,6.57,45990.0
2026-09-10,0001766478-26-000048,0001766478,"Angel Oak Mortgage REIT, Inc.",AOMR,MINAMI W D,Director,2026-09-10,6800.0,8.1,55080.0
2026-09-10,0001193125-26-388191,0001791145,GBank Financial Holdings Inc.,GBFH,Voinovich Michael C,Director,2026-09-08,2500.0,20.0,50000.0
2026-09-10,0000905148-26-004133,0001818502,OppFi Inc.,OPFI,Schwartz Todd G.,"Director, Chief Executive Officer, 10% owner",2026-09-09,3450.0,7.5914,26190.33
2026-09-10,0000912282-26-001256,0001833141,CYBIN INC.,CYBN,Glavine Paul,Chief Growth Officer,2026-09-03,100000.0,11.7828,1178280.0
2026-09-10,0000912282-26-001257,0001833141,CYBIN INC.,CYBN,So Eric H. L.,"Director, Executive Chair",2026-09-04,100000.0,12.089,1208900.0
2026-09-10,0000945621-26-001136,0001843974,Destiny Tech100 Inc.,DXYZ,Silver Ethan,Chief Operating Officer,2026-08-31,753.24,33.19,25000.0356
2026-09-10,0001213900-26-098775,0002011674,YD Bio Ltd,YDES,Shen Ethan PhD,"Director, CEO",2026-09-09,3100.0,3.93,12183.0
2026-09-11,0001782435-26-000003,0000055242,KENNAMETAL INC,KMT,Chowbey Sanjay,President and CEO,2026-09-10,7000.0,29.1,203700.0
2026-09-11,0001123292-26-001286,0000078239,PVH CORP. /DE/,PVH,Larsson Stefan,"Director, Chief Executive Officer",2026-09-11,14179.102,70.5264,1000001.0192928
2026-09-11,0001493152-26-042302,0000715446,Anixa Biosciences Inc,ANIX,KUMAR AMIT,"Director, Chief Executive Officer",2026-09-10,5000.0,2.76,13799.999999999998
2026-09-11,0001193125-26-389372,0000717806,"FIRST US BANCSHARES, INC.",FUSB,FIELD Robert C,Director,2026-09-10,669.0,16.46,11011.74
2026-09-11,0000764180-26-000102,0000764180,"ALTRIA GROUP, INC.",MO,McQUADE KATHRYN B.,Director,2026-09-09,1500.0,67.62,101430.0
2026-09-11,0001214659-26-011648,0000896493,"Hyperscale Data, Inc.",GPUS,AULT MILTON C III,"Director, Executive Chairman, 10% owner",2026-09-11,150000.0,0.1892,28380.0
2026-09-11,0001628873-26-000095,0001031235,"Global Self Storage, Inc.",SELF,WINMILL MARK CAMPBELL,"Director, President and CEO",2026-09-09,2058.0,5.16,10619.28
2026-09-11,0001437749-26-030121,0001069533,RGC RESOURCES INC,RGCO,Nester Paul W,"Director, President & CEO",2026-09-10,500.0,21.3,10650.0
2026-09-11,0001208109-26-000007,0001133062,JANEL CORP,JANL,GRAVES GREGORY B,Director,2026-09-09,400.0,50.0,20000.0
2026-09-11,0001193125-26-388717,0001161728,MGE ENERGY INC,MGEE,Berbee James G,Director,2026-09-09,274.7418,77.35,21251.27823
2026-09-11,0001437749-26-030168,0001408534,"First Guaranty Bancshares, Inc.",FGBI,WALKER ROBERT W,Director,2026-09-10,2500.0,18.18,45450.0
2026-09-11,0001437749-26-030168,0001408534,"First Guaranty Bancshares, Inc.",FGBI,WALKER ROBERT W,Director,2026-09-10,6000.0,7.88,47280.0
2026-09-11,0001193125-26-389322,0001418076,SLR Investment Corp.,SLRC,GROSS MICHAEL S,"Director, See Remarks",2026-09-10,20000.0,12.349,246980.0
2026-09-11,0001213900-26-098970,0001553643,"RELMADA THERAPEUTICS, INC.",RLMD,Shenouda Maged,Chief Financial Officer,2026-09-09,120200.0,4.2,504840.0
2026-09-11,0001213900-26-098970,0001553643,"RELMADA THERAPEUTICS, INC.",RLMD,Shenouda Maged,Chief Financial Officer,2026-09-10,79800.0,4.25,339150.0
2026-09-11,0001213900-26-098969,0001553643,"RELMADA THERAPEUTICS, INC.",RLMD,TRAVERSA SERGIO,"Director, Chief Executive Officer",2026-09-09,100000.0,4.18,418000.0
2026-09-11,0001213900-26-098969,0001553643,"RELMADA THERAPEUTICS, INC.",RLMD,TRAVERSA SERGIO,"Director, Chief Executive Officer",2026-09-10,100000.0,4.1,409999.99999999994
2026-09-11,0001193125-26-389550,0001785279,"Metagenomi Therapeutics, Inc.",MGX,Reid Laurence,Director,2026-09-09,19883.0,1.17,23263.109999999997
2026-09-11,0000905148-26-004141,0001818502,OppFi Inc.,OPFI,Schwartz Todd G.,"Director, Chief Executive Officer, 10% owner",2026-09-10,3350.0,7.5563,25313.605
2026-09-11,0001628280-26-061551,0001822523,Advanced Flower Capital Inc.,AFCG,TANNENBAUM LEONARD M,"Director, 10% owner",2026-09-10,35000.0,3.46,121100.0
2026-09-11,0000912282-26-001264,0001833141,CYBIN INC.,CYBN,Glavine Paul,Chief Growth Officer,2026-09-08,100000.0,12.4719,1247190.0
2026-09-11,0000912282-26-001261,0001833141,CYBIN INC.,CYBN,So Eric H. L.,"Director, Executive Chair",2026-09-08,100000.0,12.3867,1238670.0
2026-09-11,0001628280-26-061590,0001844971,Vulcan Infrastructure & Power Inc.,GREE,Rogers George Ted III,Director,2026-09-10,2923976.0,1.71,4999998.96
2026-09-11,0001193125-26-389333,0001863127,"Tyra Biosciences, Inc.",TYRA,Verjee Rehan,Director,2026-09-09,971.8943,20.5784,20000.02966312
2026-09-11,0001865200-26-000085,0001865200,"Angel Studios, Inc.",ANGX,Sarowitz Steven I,Director,2026-09-09,132639.0,4.9537,657053.8143000001
2026-09-11,0001865200-26-000085,0001865200,"Angel Studios, Inc.",ANGX,Sarowitz Steven I,Director,2026-09-10,355998.0,5.2791,1879349.0417999998
2026-09-11,0001316331-26-000012,0002069785,"Gloo Holdings, Inc.",GLOO,GELSINGER PATRICK P,"Director, See Remarks",2026-09-11,50000.0,3.3375,166875.0
2026-09-11,0001571561-26-000005,0002082866,"Pinnacle Financial Partners, Inc.",PNFP,Montana Gregory G,Director,2026-09-10,500.0,98.61,49305.0
2026-09-14,0001213900-26-099457,0000012239,Dominari Holdings Inc.,DOMH,Hayes Anthony,"Director, CEO",2026-09-10,50000.0,2.0211,101055.0
2026-09-14,0001213900-26-099457,0000012239,Dominari Holdings Inc.,DOMH,Hayes Anthony,"Director, CEO",2026-09-11,50000.0,2.1627,108135.0
2026-09-14,0001213900-26-099456,0000012239,Dominari Holdings Inc.,DOMH,Wool Kyle Michael,"Director, President",2026-09-10,50000.0,2.0211,101055.0
2026-09-14,0001213900-26-099456,0000012239,Dominari Holdings Inc.,DOMH,Wool Kyle Michael,"Director, President",2026-09-11,50000.0,2.1627,108135.0
2026-09-14,0001628280-26-061859,0000031462,ECOLAB INC.,ECL,Green Eric Mark,Director,2026-09-11,3370.0,276.577,932064.49
2026-09-14,0001628280-26-061859,0000031462,ECOLAB INC.,ECL,Green Eric Mark,Director,2026-09-11,320.0,277.291,88733.12
2026-09-14,0001493152-26-042502,0000715446,Anixa Biosciences Inc,ANIX,Titterton Lewis H jr,Director,2026-09-10,10000.0,2.73,27300.0
2026-09-14,0001213900-26-099752,0000778164,"Alto Ingredients, Inc.",ALTO,NATHAN GILBERT E,Director,2026-09-14,10000.0,3.9299,39299.0
2026-09-14,0001090012-26-000124,0001090012,DEVON ENERGY CORP/DE,DVN,Gaspar Clay M,"Director, PRESIDENT AND CEO",2026-09-14,3913.0,51.08,199876.03999999998
2026-09-14,0001171843-26-006025,0001095435,Alpha Compute Corp,ALP,Kaiser Brittany,"Director, Chief Executive Officer",2026-09-09,9350.0,5.3473,49997.255
2026-09-14,0001171843-26-006026,0001095435,Alpha Compute Corp,ALP,Villani Fiorenzo,"Director, See Remarks",2026-09-09,7000.0,5.065,35455.0
2026-09-14,0001317945-26-000011,0001317945,"Omega Flex, Inc.",OFLX,Moran Edwin B.,"Director, President",2026-09-14,790.0,25.43,20089.7
2026-09-14,0001317945-26-000010,0001317945,"Omega Flex, Inc.",OFLX,Unger Matthew Francis,Vice President - CFO,2026-09-14,1000.0,25.42,25420.0
2026-09-14,0001194106-26-000012,0001334036,"Crocs, Inc.",CROX,SMACH THOMAS J,Director,2026-09-10,1000.0,109.265,109265.0
2026-09-14,0001194106-26-000012,0001334036,"Crocs, Inc.",CROX,SMACH THOMAS J,Director,2026-09-10,3000.0,109.4215,328264.5
2026-09-14,0001493152-26-042528,0001534708,"Beeline Holdings, Inc.",BLNE,Liuzza Nicholas Reyland JR,"Director, Chief Executive Officer, 10% owner",2026-09-09,22500.0,1.0419,23442.75
2026-09-14,0001493152-26-042528,0001534708,"Beeline Holdings, Inc.",BLNE,Liuzza Nicholas Reyland JR,"Director, Chief Executive Officer, 10% owner",2026-09-10,93200.0,1.011,94225.2
2026-09-14,0001493152-26-042528,0001534708,"Beeline Holdings, Inc.",BLNE,Liuzza Nicholas Reyland JR,"Director, Chief Executive Officer, 10% owner",2026-09-11,33190.0,1.044,34650.36
2026-09-14,0001227454-26-000014,0001562401,American Homes 4 Rent,AMH,CORRIGAN JACK E,Director,2026-09-10,1000.0,21.6,21600.0
2026-09-14,0001227454-26-000014,0001562401,American Homes 4 Rent,AMH,CORRIGAN JACK E,Director,2026-09-11,1000.0,21.5485,21548.5
2026-09-14,0001227454-26-000014,0001562401,American Homes 4 Rent,AMH,CORRIGAN JACK E,Director,2026-09-11,3000.0,21.47,64410.0
2026-09-14,0001227454-26-000014,0001562401,American Homes 4 Rent,AMH,CORRIGAN JACK E,Director,2026-09-11,4000.0,21.5,86000.0
2026-09-14,0001751947-26-000004,0001641614,CPI Card Group Inc.,PMTS,Mallela Ravi,Director,2026-09-14,1000.0,21.5,21500.0
2026-09-14,0001654770-26-000004,0001641614,CPI Card Group Inc.,PMTS,Peters Nicholas,Director,2026-09-14,11628.0,21.5,250002.0
2026-09-14,0001317406-26-000006,0001641614,CPI Card Group Inc.,PMTS,Riley H Sanford,Director,2026-09-14,13953.0,21.5,299989.5
2026-09-14,0001605873-26-000004,0001641614,CPI Card Group Inc.,PMTS,SHEINBAUM MARC,Director,2026-09-14,4651.0,21.5,99996.5
2026-09-14,0001708035-26-000099,0001708035,Ecovyst Inc.,ECVT,Humble Patti A.,Director,2026-09-10,24875.0,10.05,249993.75000000003
2026-09-14,0001193125-26-390650,0001756262,"TransMedics Group, Inc.",TMDX,Weill David,Director,2026-09-11,1336.0,81.63,109057.68
2026-09-14,0001558592-26-000012,0001822492,Hillman Solutions Corp.,HLMN,Kraft Robert O.,CFO and Treasurer,2026-09-11,35500.0,7.0,248500.0
2026-09-14,0001437749-26-030226,0001823587,Sky Harbour Group Corp,SKYH,Gonzalez Francisco,Chief Financial Officer,2026-09-11,1000.0,10.08,10080.0
2026-09-14,0000897069-26-001778,0001825088,"Dream Finders Homes, Inc.",DFH,BECKWITT RICHARD,Director,2026-09-10,10000.0,12.07,120700.0
2026-09-14,0001628280-26-061878,0001844971,Vulcan Infrastructure & Power Inc.,GREE,Irwin Dale,President,2026-09-10,58479.0,1.71,99999.09
2026-09-14,0001628280-26-061880,0001844971,Vulcan Infrastructure & Power Inc.,GREE,Kovler Jordan,"Director, Chief Executive Officer",2026-09-10,58479.0,1.71,99999.09
2026-09-14,0001628280-26-061879,0001844971,Vulcan Infrastructure & Power Inc.,GREE,Mulvihill Christian,Chief Financial Officer,2026-09-10,58479.0,1.71,99999.09
2026-09-14,0001493152-26-042642,0001849380,OneMedNet Corp,ONMD,Yu Jeffrey,"Director, Chief Medical Officer, 10% owner",2026-09-10,142857.0,0.63,89999.91
2026-09-14,0001865200-26-000087,0001865200,"Angel Studios, Inc.",ANGX,Sarowitz Steven I,Director,2026-09-11,88647.0,5.3313,472603.7511
2026-09-14,0001878313-26-000084,0001878313,"MAIA Biotechnology, Inc.",MAIA,Guerrero Ramiro,Director,2026-09-10,37595.0,1.3171,49516.3745
2026-09-14,0001213900-26-099824,0001892704,"First Breach, Inc.",FBDT,LOW JORDAN ZACHARY,"Director, Pres., COO",2026-09-11,140000.0,0.6726,94164.0
2026-09-14,0001628280-26-061771,0001928446,"Granite Ridge Resources, Inc.",GRNT,Miller Matthew Reade,Director,2026-09-11,10000.0,5.03,50300.0
2026-09-14,0001213900-26-099422,0001979414,"NEONC TECHNOLOGIES HOLDINGS, INC.",NTHI,Heshmatpour Amir F,"Director, CEO, President, 10% owner",2026-09-11,37000.0,3.6654,135619.8
2026-09-14,0001628280-26-061831,0001982518,Smith Douglas Homes Corp.,SDHC,Bradbury Thomas L,"Director, 10% owner",2026-09-10,19360.0,10.3059,199522.224
2026-09-14,0001628280-26-061944,0002007191,Telix Pharmaceuticals Ltd,TLX,Smith Darren Charlton,Group Chief Financial Officer,2026-09-07,2071.0,9.656,19997.576
2026-09-14,0001316331-26-000013,0002069785,"Gloo Holdings, Inc.",GLOO,GELSINGER PATRICK P,"Director, See Remarks",2026-09-14,25000.0,3.4493,86232.5
2026-09-15,0001871714-26-000002,0000034956,"TENAX THERAPEUTICS, INC.",TENX,Giordano Christopher Thomas,"Director, CEO",2026-09-11,6000.0,1.875,11250.0
2026-09-15,0001193125-26-392319,0000034956,"TENAX THERAPEUTICS, INC.",TENX,STAAB THOMAS R II,Chief Financial Officer,2026-09-11,5675.0,1.935,10981.125
2026-09-15,0000040417-26-000047,0000040417,GENERAL AMERICAN INVESTORS CO INC,GAM,Stark Eugene S,VP Administration,2026-09-15,5000.0,24.0,120000.0
2026-09-15,0000063296-26-000096,0000063296,MATTHEWS INTERNATIONAL CORP,MATW,Nauman J Michael,Director,2026-09-11,1000.0,19.99,19990.0
2026-09-15,0000075288-26-000092,0000075288,OXFORD INDUSTRIES INC,OXM,GRASSMYER SCOTT,EVP,2026-09-15,1000.0,29.73,29730.0
2026-09-15,0001626337-26-000011,0000711404,"COOPER COMPANIES, INC.",COO,Keel Paul A,Director,2026-09-11,4701.015,53.18,249999.97770000002
2026-09-15,0001352090-26-000007,0000711404,"COOPER COMPANIES, INC.",COO,Kurzius Lawrence Erik,Director,2026-09-14,10000.0,53.915,539150.0
2026-09-15,0001413087-26-000007,0000711404,"COOPER COMPANIES, INC.",COO,Rosebrough Walter M Jr,Director,2026-09-11,7000.0,54.11,378770.0
2026-09-15,0001413087-26-000007,0000711404,"COOPER COMPANIES, INC.",COO,Rosebrough Walter M Jr,Director,2026-09-14,3000.0,54.29,162870.0
2026-09-15,0001628280-26-062003,0000751365,VIRCO MFG CORPORATION,VIRC,VIRTUE DOUGLAS A,"Director, Executive Vice President",2026-09-15,3000.0,6.1,18300.0
2026-09-15,0000821002-26-000041,0000821002,G III APPAREL GROUP LTD /DE/,GIII,GOLDFARB MORRIS,"Director, CEO",2026-09-14,40000.0,27.94,1117600.0
2026-09-15,0000897069-26-001780,0000886128,FUELCELL ENERGY INC,FCEL,Livingston III Homer John,Director,2026-09-14,16404.1994,15.0544,246955.37944736
2026-09-15,0001072613-26-000759,0000887396,EMPIRE PETROLEUM CORP,EP,Matschke Mason H.,Director,2026-09-11,5777.0,2.3767,13730.1959
2026-09-15,0001104659-26-108024,0000928054,FLOTEK INDUSTRIES INC/CN/,FTK,Wilks Matthew,Director,2026-09-11,1319493.0,26.01,34320012.93
2026-09-15,0001104659-26-107867,0000930236,REDWOOD TRUST INC,RWT,Abate Christopher J,"Director, Chief Executive Officer",2026-09-15,100000.0,3.839,383900.0
2026-09-15,0001862739-26-000004,0000930236,REDWOOD TRUST INC,RWT,Carillo Brooke,Chief Financial Officer,2026-09-15,26065.0,3.8457,100238.1705
2026-09-15,0001233565-26-000006,0000930236,REDWOOD TRUST INC,RWT,KUBICEK GREG H,Director,2026-09-15,50000.0,3.8512,192560.0
2026-09-15,0001216955-26-000021,0001035443,"ALEXANDRIA REAL ESTATE EQUITIES, INC.",ARE,MARCUS JOEL S,"Director, Executive Chairman",2026-09-11,5000.0,49.68,248400.0
2026-09-15,0001090009-26-000104,0001090009,SOUTHERN FIRST BANCSHARES INC,SFST,Locke Anna T,Director,2026-09-14,300.0,63.2721,18981.63
2026-09-15,0001208109-26-000008,0001133062,JANEL CORP,JANL,GRAVES GREGORY B,Director,2026-09-14,300.0,50.0,15000.0
2026-09-15,0001643155-26-000005,0001278027,"B&G Foods, Inc.",BGS,Brunts DeAnn L,Director,2026-09-14,5616.133,3.2051,18000.267878299997
2026-09-15,0001062993-26-004972,0001339688,LION COPPER & GOLD CORP.,LCU,Alford Tony L,"Director, 10% owner",2026-09-11,3704.0,4.9113,18191.4552
2026-09-15,0001062993-26-004972,0001339688,LION COPPER & GOLD CORP.,LCU,Alford Tony L,"Director, 10% owner",2026-09-11,3704.0,4.8951,18131.4504
2026-09-15,0001062993-26-004972,0001339688,LION COPPER & GOLD CORP.,LCU,Alford Tony L,"Director, 10% owner",2026-09-11,3704.0,4.8924,18121.4496
2026-09-15,0001628280-26-062057,0001341766,"Celsius Holdings, Inc.",CELH,DeSantis Damon,Director,2026-09-14,20000.0,27.65,553000.0
2026-09-15,0001628280-26-062057,0001341766,"Celsius Holdings, Inc.",CELH,DeSantis Damon,Director,2026-09-15,16000.0,27.95,447200.0
2026-09-15,0001654954-26-008365,0001375205,UR-ENERGY INC,URG,Walle Jade,VICE PRESIDENT FINANCE,2026-09-11,75581.0,1.29,97499.49
2026-09-15,0001292814-26-004562,0001430162,Cosan S.A.,CSAN,Cordes Burkhard Otto,Director,2026-05-18,89000.0,4.47,397830.0
2026-09-15,0001292814-26-004562,0001430162,Cosan S.A.,CSAN,Cordes Burkhard Otto,Director,2026-05-26,10000.0,4.27,42699.99999999999
2026-09-15,0001292814-26-004562,0001430162,Cosan S.A.,CSAN,Cordes Burkhard Otto,Director,2026-05-26,50000.0,4.26,213000.0
2026-09-15,0001292814-26-004562,0001430162,Cosan S.A.,CSAN,Cordes Burkhard Otto,Director,2026-05-26,10000.0,4.25,42500.0
2026-09-15,0001193125-26-391998,0001489993,"Mobia Medical, Inc.",MOBI,Leavitt Chase C.,SEE REMARKS,2026-09-11,2000.0,10.3,20600.0
2026-09-15,0001104659-26-108006,0001606163,"Limbach Holdings, Inc.",LMB,Horowitz Joshua,Director,2026-09-11,1000.0,49.59,49590.0
2026-09-15,0001104659-26-108006,0001606163,"Limbach Holdings, Inc.",LMB,Horowitz Joshua,Director,2026-09-11,2600.0,49.0097,127425.22
2026-09-15,0001104659-26-108006,0001606163,"Limbach Holdings, Inc.",LMB,Horowitz Joshua,Director,2026-09-15,212.0,50.66,10739.92
2026-09-15,0001104659-26-108006,0001606163,"Limbach Holdings, Inc.",LMB,Horowitz Joshua,Director,2026-09-15,3346.0,50.6069,169330.68740000002
2026-09-15,0001104659-26-108006,0001606163,"Limbach Holdings, Inc.",LMB,Horowitz Joshua,Director,2026-09-15,662.0,51.25,33927.5
2026-09-15,0001711269-26-000102,0001711269,"Evergy, Inc.",EVRG,Rolph Jonathan D,Director,2026-09-11,335.0,81.355,27253.925000000003
2026-09-15,0001711269-26-000102,0001711269,"Evergy, Inc.",EVRG,Rolph Jonathan D,Director,2026-09-11,335.0,81.3916,27266.185999999998
2026-09-15,0001711269-26-000102,0001711269,"Evergy, Inc.",EVRG,Rolph Jonathan D,Director,2026-09-11,300.0,81.4816,24444.48
2026-09-15,0001711269-26-000102,0001711269,"Evergy, Inc.",EVRG,Rolph Jonathan D,Director,2026-09-11,250.0,81.4416,20360.399999999998
2026-09-15,0001711269-26-000102,0001711269,"Evergy, Inc.",EVRG,Rolph Jonathan D,Director,2026-09-11,150.0,81.44,12216.0
2026-09-15,0001711269-26-000102,0001711269,"Evergy, Inc.",EVRG,Rolph Jonathan D,Director,2026-09-11,200.0,81.835,16366.999999999998
2026-09-15,0001225208-26-007833,0001737924,Nuveen Churchill Direct Lending Corp.,NCDL,Vichness Shaul,Chief Financial Off./Treasurer,2026-09-14,5000.0,12.25,61250.0
2026-09-15,0001493152-26-042742,0001770501,Venu Holding Corp,VENU,Finke Thomas M,Director,2026-09-11,200000.0,1.75,350000.0
2026-09-15,0001493152-26-042743,0001770501,Venu Holding Corp,VENU,ROTH JAY W,"Director, CEO & Chairman, 10% owner",2026-09-11,200000.0,1.75,350000.0
2026-09-15,0001213900-26-099887,0001795251,Nano-X Imaging Ltd.,NNOX,Suesskind Dan S,Director,2026-09-14,30000.0,0.76,22800.0
2026-09-15,0001213900-26-099887,0001795251,Nano-X Imaging Ltd.,NNOX,Suesskind Dan S,Director,2026-09-14,30000.0,0.75,22500.0
2026-09-15,0001628280-26-061975,0001805077,"Eos Energy Enterprises, Inc.",EOSE,Song Haiyan,Director,2026-09-11,10000.0,3.95,39500.0
2026-09-15,0001628280-26-061975,0001805077,"Eos Energy Enterprises, Inc.",EOSE,Song Haiyan,Director,2026-09-14,5000.0,3.84,19200.0
2026-09-15,0000905148-26-004199,0001818502,OppFi Inc.,OPFI,Schwartz Todd G.,"Director, Chief Executive Officer, 10% owner",2026-09-11,3300.0,7.9639,26280.87
2026-09-15,0000905148-26-004199,0001818502,OppFi Inc.,OPFI,Schwartz Todd G.,"Director, Chief Executive Officer, 10% owner",2026-09-14,1940.0,7.7962,15124.627999999999
2026-09-15,0001628280-26-062092,0001822523,Advanced Flower Capital Inc.,AFCG,TANNENBAUM LEONARD M,"Director, 10% owner",2026-09-11,15000.0,3.55,53250.0
2026-09-15,0001628280-26-062092,0001822523,Advanced Flower Capital Inc.,AFCG,TANNENBAUM LEONARD M,"Director, 10% owner",2026-09-14,25198.0,3.5,88193.0
2026-09-15,0001841761-26-000100,0001841761,"Grove Collaborative Holdings, Inc.",GROV,Landesberg Stuart,Director,2026-09-11,15173.0,1.0413,15799.644899999998
2026-09-15,0001292814-26-004568,0001868995,CI&T Inc,CINT,Guicardi Neto Bruno,Pres. of N. Am. and Europe Ops,2026-09-11,5389.0,3.21,17298.69
2026-09-15,0001878313-26-000087,0001878313,"MAIA Biotechnology, Inc.",MAIA,Vitoc Vlad,"Director, Chief Executive Officer, 10% owner",2026-09-14,73000.0,1.37,100010.00000000001
2026-09-15,0001213900-26-100270,0001881551,Solidion Technology Inc.,STI,Tjon Karin-Joyce,Director,2026-09-14,5000.0,7.2,36000.0
2026-09-15,0001193125-26-391985,0001936258,NewAmsterdam Pharma Co N.V.,NAMS,Davidson Michael H.,"Director, Chief Executive Officer",2026-09-14,10000.0,22.65,226500.0
2026-09-15,0001213900-26-100266,0001979414,"NEONC TECHNOLOGIES HOLDINGS, INC.",NTHI,CHEN THOMAS C,"Director, CEO, 10% owner",2026-09-11,5556.0,3.6,20001.600000000002
2026-09-15,0001213900-26-100266,0001979414,"NEONC TECHNOLOGIES HOLDINGS, INC.",NTHI,CHEN THOMAS C,"Director, CEO, 10% owner",2026-09-14,5242.0,3.815,19998.23
2026-09-15,0001213900-26-100269,0001979414,"NEONC TECHNOLOGIES HOLDINGS, INC.",NTHI,Heshmatpour Amir F,"Director, CEO, President, 10% owner",2026-09-14,15000.0,3.96,59400.0
2026-09-15,0001213900-26-100269,0001979414,"NEONC TECHNOLOGIES HOLDINGS, INC.",NTHI,Heshmatpour Amir F,"Director, CEO, President, 10% owner",2026-09-15,35000.0,3.297,115395.0
2026-09-16,0002033348-26-000012,0000015847,BUTLER NATIONAL CORP,BUKS,Loh Michael Anthony,Director,2026-09-15,10000.0,3.91,39100.0
2026-09-16,0001746448-26-000009,0000714395,"GERMAN AMERICAN BANCORP, INC.",GABC,Bawel Zachary W,Director,2026-09-15,400.8532,49.8932,19999.84887824
2026-09-16,0001193125-26-392787,0000720500,AMTECH SYSTEMS INC,ASYS,SABOL THOMAS B,Chief Financial Officer,2026-09-14,2000.0,14.135,28270.0
2026-09-16,0001193125-26-392656,0000790816,BRANDYWINE REALTY TRUST,BDN,SWEENEY GERARD H,"Director, President and CEO",2026-09-14,33900.0,2.96,100344.0
2026-09-16,0000811589-26-000157,0000811589,FIRST BANCORP /NC/,FBNC,Nevin Katharine Caldwell,Director,2026-09-11,231.0,64.23,14837.130000000001
2026-09-16,0001887897-26-000003,0000824142,"AAON, INC.",AAON,Stewart David Raymond,Director,2026-09-15,1000.0,74.66,74660.0
2026-09-16,0001716998-26-000004,0000930236,REDWOOD TRUST INC,RWT,Robinson Dashiell I,"Director, President",2026-09-16,63211.13,3.98,251580.29739999998
2026-09-16,0001628280-26-062157,0000935419,"RCI HOSPITALITY HOLDINGS, INC.",RICK,Elaine Johnson Martin,Director,2026-09-15,601.0,28.9454,17396.1854
2026-09-16,0001437749-26-030539,0001006830,CONSUMERS BANCORP INC /OH/,CBKM,Lober Ralph J II,"Director, CEO & President",2026-09-14,400.0,32.98,13191.999999999998
2026-09-16,0001628280-26-062352,0001083301,TERAWULF INC.,WULF,Bucella Michael C.,Director,2026-09-15,6085.0,14.785,89966.725
2026-09-16,0001193125-26-392557,0001089872,"GAIA, INC",GAIA,Sutherland Paul Howard,Director,2026-09-14,11000.0,1.2294,13523.4
2026-09-16,0001104659-26-108247,0001175151,Cytosorbents Corp,CTSO,Capponi Vincent,President and COO,2026-09-14,1800.0,6.07,10926.0
2026-09-16,0001104659-26-108326,0001175151,Cytosorbents Corp,CTSO,Chan Phillip P.,"Director, Chief Executive Officer",2026-09-15,3774.0,6.0,22644.0
2026-09-16,0001104659-26-108246,0001175151,Cytosorbents Corp,CTSO,Sobel Alan D.,Director,2026-09-15,1900.0,6.12,11628.0
2026-09-16,0001247154-26-000005,0001334036,"Crocs, Inc.",CROX,KAPLAN BETH J,Director,2026-09-15,885.0,112.1215,99227.5275
2026-09-16,0001194106-26-000014,0001334036,"Crocs, Inc.",CROX,SMACH THOMAS J,Director,2026-09-15,680.0,111.49,75813.2
2026-09-16,0001628280-26-062134,0001341766,"Celsius Holdings, Inc.",CELH,Kravitz Hal,Director,2026-09-15,12000.0,28.0,336000.0
2026-09-16,0001104659-26-108328,0001347426,Macro Bank Inc.,BMA,Brito Marcos,Director,2026-03-19,1500.0,68.266,102399.00000000001
2026-09-16,0001333848-26-000003,0001386716,Star Bulk Carriers Corp.,SBLK,Erhardt Koert,Director,2026-09-15,6000.0,28.27,169620.0
2026-09-16,0002011929-26-000010,0001386716,Star Bulk Carriers Corp.,SBLK,Karellis Nikolaos,Director,2026-09-15,2000.0,28.27,56540.0
2026-09-16,0001969701-26-000006,0001386716,Star Bulk Carriers Corp.,SBLK,Spyrou Symeon,co CFO,2026-09-15,15000.0,28.27,424050.0
2026-09-16,0001213900-26-100498,0001439124,AXIA Energia S.A.,AXIA3,Batista de Lima Filho Pedro,Director,2026-09-14,11900.0,10.5,124950.0
2026-09-16,0001213900-26-100498,0001439124,AXIA Energia S.A.,AXIA3,Batista de Lima Filho Pedro,Director,2026-09-14,15800.0,10.5,165900.0
2026-09-16,0001213900-26-100498,0001439124,AXIA Energia S.A.,AXIA3,Batista de Lima Filho Pedro,Director,2026-09-14,255600.0,10.48,2678688.0
2026-09-16,0001213900-26-100498,0001439124,AXIA Energia S.A.,AXIA3,Batista de Lima Filho Pedro,Director,2026-09-14,229600.0,10.49,2408504.0
2026-09-16,0001193125-26-393467,0001460329,"Fluent, Inc.",FLNT,GEYGAN JAMES,"Director, 10% owner",2026-09-14,12376.0,3.38,41830.88
2026-09-16,0001221359-26-000057,0001500217,"American Assets Trust, Inc.",AAT,RADY ERNEST S,"Director, Executive Chairman, 10% owner",2026-09-14,50000.0,21.65,1082500.0
2026-09-16,0001193125-26-393086,0001500881,enCore Energy Corp.,EU,SHERIFF WILLIAM M,"Director, Executive Chairman",2026-09-14,100000.0,0.84,84000.0
2026-09-16,0001193125-26-393086,0001500881,enCore Energy Corp.,EU,SHERIFF WILLIAM M,"Director, Executive Chairman",2026-09-14,25000.0,0.87,21750.0
2026-09-16,0001193125-26-393086,0001500881,enCore Energy Corp.,EU,SHERIFF WILLIAM M,"Director, Executive Chairman",2026-09-15,50000.0,0.89,44500.0
2026-09-16,0001683168-26-007192,0001533040,Phio Pharmaceuticals Corp.,PHIO,BRADFORD PATRICIA A,Director,2026-09-15,12000.0,1.03,12360.0
2026-09-16,0001456817-26-000013,0001561921,"TELA Bio, Inc.",TELA,Capper Joseph H,Director,2026-09-14,25000.0,1.0201,25502.5
2026-09-16,0001456817-26-000013,0001561921,"TELA Bio, Inc.",TELA,Capper Joseph H,Director,2026-09-15,50000.0,1.0588,52940.0
2026-09-16,0001193125-26-393052,0001572616,"FRACTYL HEALTH, INC.",GUTS,BRADLEY WILLIAM,Director,2026-09-14,64516.0,0.6185,39903.146
2026-09-16,0001628280-26-062236,0001606163,"Limbach Holdings, Inc.",LMB,Gaboury David Richard,Director,2026-09-14,1940.0,51.35,99619.0
2026-09-16,0001628280-26-062237,0001606163,"Limbach Holdings, Inc.",LMB,Krzeminski Laurel J,Director,2026-09-15,500.0,50.575,25287.5
2026-09-16,0000929638-26-003553,0001611647,"Freshpet, Inc.",FRPT,GEORGE WALTER N.,Director,2026-09-14,1000.0,64.92,64920.0
2026-09-16,0001104659-26-108060,0001625414,Baozun Inc.,BZUN,Qiu Wenbin,"Director, Chief Executive Officer",2026-09-14,7300.0,2.74,20002.0
2026-09-16,0001104659-26-108060,0001625414,Baozun Inc.,BZUN,Qiu Wenbin,"Director, Chief Executive Officer",2026-09-15,7300.0,2.72,19856.0
2026-09-16,0001703807-26-000006,0001636422,"Health Catalyst, Inc.",HCAT,Kohl Simeon,"Director, Chief Executive Officer",2026-09-14,59000.0,1.7871,105438.9
2026-09-16,0001842402-26-000005,0001637207,"Planet Fitness, Inc.",PLNT,Tanco Christopher,Director,2026-09-14,2328.0,51.2281,119259.0168
2026-09-16,0001193125-26-393042,0001638290,"MasterCraft Boat Holdings, Inc.",MCFT,Lambert Roch,Director,2026-09-15,3845.0,19.51,75015.95000000001
2026-09-16,0001193125-26-393047,0001638290,"MasterCraft Boat Holdings, Inc.",MCFT,Nelson Bradley M.,"Director, Chief Executive Officer",2026-09-15,2400.0,19.5,46800.0
2026-09-16,0001628280-26-062235,0001639438,"CAVA GROUP, INC.",CAVA,KADOW JOSEPH JOHN,CLO & Secretary,2026-09-15,1000.0,49.96,49960.0
2026-09-16,0001539497-26-002522,0001649096,Clipper Realty Inc.,CLPR,Levinson Sam,"Director, 10% owner",2026-09-14,4769.0,3.2795,15639.9355
2026-09-16,0001539497-26-002522,0001649096,Clipper Realty Inc.,CLPR,Levinson Sam,"Director, 10% owner",2026-09-15,4315.0,3.3,14239.5
2026-09-16,0001628280-26-062285,0001693736,EquipmentShare.com Inc,EQPT,Schlacks Jabbok,"Director, Founder & CEO",2026-09-14,2100.0,18.0,37800.0
2026-09-16,0001628280-26-062285,0001693736,EquipmentShare.com Inc,EQPT,Schlacks Jabbok,"Director, Founder & CEO",2026-09-15,22900.0,17.76,406704.00000000006
2026-09-16,0001712189-26-000059,0001712189,Target Hospitality Corp.,TH,Archer James Bradley,"Director, Director and CEO and President",2026-09-15,13385.0,18.69,250165.65000000002
2026-09-16,0001183254-26-000005,0001747172,"Kayne Anderson BDC, Inc.",KBDC,ROBO JAMES L,Director,2026-09-14,60000.0,13.017,781020.0
2026-09-16,0001183254-26-000005,0001747172,"Kayne Anderson BDC, Inc.",KBDC,ROBO JAMES L,Director,2026-09-16,340000.0,13.038,4432920.0
2026-09-16,0001628280-26-062330,0001754301,Fox Corp,FOX,MURDOCH LACHLAN K,"Director, Executive Chair, CEO",2026-09-15,149934.0,68.53,10274977.02
2026-09-16,0001104659-26-108263,0001901037,Stellus Private Credit BDC,NONE,Ladd Robert T.,CEO and President,2026-09-15,2548.0,15.25,38857.0
2026-09-16,0001213900-26-100673,0001980088,MACH NATURAL RESOURCES LP,MNR,WARD TOM L.,"Director, See Remarks, 10% owner",2026-09-14,172413.0,11.6,1999990.8
2026-09-16,0001213900-26-100506,0002011674,YD Bio Ltd,YDES,Shen Ethan PhD,"Director, CEO",2026-09-14,12700.0,3.85,48895.0
2026-09-16,0001437749-26-030507,0002058758,"Avidia Bancorp, Inc.",AVBC,Murphy Michael Dennis,Director,2026-09-14,5000.0,22.12,110600.0
2026-09-16,0001213900-26-100339,0002077709,Rank One Computing Corp,ROC,Kiernan Kathleen Louise,Director,2026-09-14,4000.0,4.3587,17434.8
2026-09-16,0001193125-26-392735,0002128462,Three Lions Acquisition Corp.,TLAC,"Three Lions Sponsor, LLC",Director,2026-09-02,200000.0,10.0,2000000.0
2026-09-17,0000031107-26-000041,0000031107,EASTERN CO,EML,EVERETS JOHN,Director,2026-09-16,1037.0,25.25,26184.25
2026-09-17,0000031107-26-000039,0000031107,EASTERN CO,EML,Galbato Chan,Director,2026-09-16,1217.0,25.25,30729.25
2026-09-17,0000031107-26-000043,0000031107,EASTERN CO,EML,MITAROTONDA JAMES A,"Director, 10% owner",2026-09-16,1423.0,25.25,35930.75
2026-09-17,0000031107-26-000045,0000031107,EASTERN CO,EML,Scott Peggy,Director,2026-09-16,996.0,25.25,25149.0
2026-09-17,0001193125-26-394831,0000034956,"TENAX THERAPEUTICS, INC.",TENX,Doogan Declan,Director,2026-09-16,53000.0,1.92,101760.0
2026-09-17,0001193125-26-393688,0000060714,"LSB INDUSTRIES, INC.",LXU,Ackerman Jonathan Z.,Director,2026-09-15,1000.0,11.3,11300.0
2026-09-17,0001352090-26-000008,0000711404,"COOPER COMPANIES, INC.",COO,Kurzius Lawrence Erik,Director,2026-09-16,10000.0,54.932,549320.0
2026-09-17,0001493152-26-043041,0000797542,QUANTUM X LABS INC.,QXL,Baranes Yakov,Co-CEO,2026-09-15,5000.0,4.88,24400.0
2026-09-17,0001214659-26-011758,0000896493,"Hyperscale Data, Inc.",GPUS,AULT MILTON C III,"Director, Executive Chairman, 10% owner",2026-09-16,125000.0,0.1832,22900.0
2026-09-17,0001348490-26-000006,0000917251,AGREE REALTY CORP,ADC,Agree Joey,"Director, PRESIDENT & CEO",2026-09-16,7360.0,68.06,500921.60000000003
2026-09-17,0001528153-26-000015,0000917251,AGREE REALTY CORP,ADC,RAKOLTA JOHN JR,Director,2026-09-16,20000.0,68.78,1375600.0
2026-09-17,0001322325-26-000004,0001041368,RIVERVIEW BANCORP INC,RVSB,Sherman Nicole,"Director, President/CEO",2026-09-17,1765.0,5.69,10042.85
2026-09-17,0001508267-26-000004,0001041368,RIVERVIEW BANCORP INC,RVSB,Wills Bessie Ross,Director,2026-09-15,2000.0,5.585,11170.0
2026-09-17,0001062993-26-005002,0001041514,LESAKA TECHNOLOGIES INC,LSAK,Mazanderani Ali,"Director, Executive Chairman",2026-09-15,28226.0,4.21,118831.45999999999
2026-09-17,0001062993-26-005002,0001041514,LESAKA TECHNOLOGIES INC,LSAK,Mazanderani Ali,"Director, Executive Chairman",2026-09-16,14774.0,4.4,65005.600000000006
2026-09-17,0001171843-26-006099,0001095435,Alpha Compute Corp,ALP,Villani Fiorenzo,"Director, See Remarks",2026-09-15,10382.0,4.0708,42263.045600000005
2026-09-17,0001171843-26-006099,0001095435,Alpha Compute Corp,ALP,Villani Fiorenzo,"Director, See Remarks",2026-09-16,4265.0,4.05,17273.25
2026-09-17,0001171843-26-006099,0001095435,Alpha Compute Corp,ALP,Villani Fiorenzo,"Director, See Remarks",2026-09-15,7900.0,4.1533,32811.07
2026-09-17,0002113812-26-000003,0001386716,Star Bulk Carriers Corp.,SBLK,Pappa Milena Maria,Director,2026-09-15,74400.0,28.27,2103288.0
2026-09-17,0001978604-26-000008,0001386716,Star Bulk Carriers Corp.,SBLK,Plakantonaki Charis,Chief Strategy Officer,2026-09-15,3000.0,28.27,84810.0
2026-09-17,0001969292-26-000010,0001386716,Star Bulk Carriers Corp.,SBLK,Reskos Nikolaos,Chief Operating Officer,2026-09-15,10000.0,28.27,282700.0
2026-09-17,0002005037-26-000014,0001386716,Star Bulk Carriers Corp.,SBLK,Zagari Raffaele,Director,2026-09-15,10000.0,28.27,282700.0
2026-09-17,0002005037-26-000014,0001386716,Star Bulk Carriers Corp.,SBLK,Zagari Raffaele,Director,2026-09-15,50000.0,28.27,1413500.0
2026-09-17,0001437749-26-030686,0001408534,"First Guaranty Bancshares, Inc.",FGBI,WALKER ROBERT W,Director,2026-09-15,4000.0,17.74,70960.0
2026-09-17,0001193125-26-394355,0001525769,"Dave & Buster's Entertainment, Inc.",PLAY,Lipman Nathaniel,Director,2026-09-17,12000.0,6.775,81300.0
2026-09-17,0001104659-26-108384,0001625414,Baozun Inc.,BZUN,Wu Junhua,"Director, Chief Strategy Officer",2026-09-15,13900.0,2.73,37947.0
2026-09-17,0001628280-26-062552,0001679268,"MAMMOTH ENERGY SERVICES, INC.",TUSK,Plaumann Mark Lawrence,Director,2026-09-16,5000.0,3.0,15000.0
2026-09-17,0001628280-26-062396,0001715497,Borr Drilling Ltd,BORR,Troim Tor Olav,Director,2026-09-16,1000000.0,4.2995,4299500.0
2026-09-17,0001183231-26-000011,0001774675,Skillsoft Corp.,SKIL,FRANKOLA JIM,Director,2026-09-15,25000.0,5.1438,128594.99999999999
2026-09-17,0001091482-26-000013,0001774675,Skillsoft Corp.,SKIL,HOVSEPIAN RONALD W,"Director, CEO & Executive Chair",2026-09-15,4508.0,5.4625,24624.95
2026-09-17,0001493152-26-043126,0001775734,Beneficient,BENF,CANGANY PETER T JR,Director,2026-09-15,18868.0,1.06,20000.08
2026-09-17,0001493152-26-043124,0001775734,Beneficient,BENF,Silk James G.,Chief Executive Officer,2026-09-15,9434.0,1.06,10000.04
2026-09-17,0001213900-26-101012,0001788257,"BETTERWARE DE MEXICO, S.A.P.I. DE C.V",BWMX,CHEVALLIER ANDRES CAMPOS,"Director, CHIEF EXECUTIVE OFFICER",2026-09-15,30000.0,16.4097,492291.0
2026-09-17,0001213900-26-101012,0001788257,"BETTERWARE DE MEXICO, S.A.P.I. DE C.V",BWMX,CHEVALLIER ANDRES CAMPOS,"Director, CHIEF EXECUTIVE OFFICER",2026-09-16,15000.0,16.4996,247494.0
2026-09-17,0001213900-26-101015,0001788257,"BETTERWARE DE MEXICO, S.A.P.I. DE C.V",BWMX,CHEVALLIER SANTIAGO CAMPOS,"Director, MD Betterware Mexico",2026-09-16,15000.0,16.4616,246924.0
2026-09-17,0001213900-26-101014,0001788257,"BETTERWARE DE MEXICO, S.A.P.I. DE C.V",BWMX,Campos Luis,"Director, 10% owner",2026-09-15,45000.0,16.2588,731646.0
2026-09-17,0001213900-26-101014,0001788257,"BETTERWARE DE MEXICO, S.A.P.I. DE C.V",BWMX,Campos Luis,"Director, 10% owner",2026-09-16,35000.0,16.4416,575456.0
2026-09-17,0001104659-26-108386,0001818838,Adagene Inc.,ADAG,Luo Peter,"Director, Chief Executive Officer",2026-09-16,20290.0,3.1533,63980.457
2026-09-17,0000905148-26-004212,0001839341,"Core Scientific, Inc./tx",CORZ,Weiss Eric Stanton,Director,2026-09-15,6000.0,16.33,97979.99999999999
2026-09-17,0001104659-26-108652,0001839530,"XBP Global Holdings, Inc.",XBP,Avramovic Dejan,Chief Financial Officer,2026-09-15,8833.0,2.83,24997.39
2026-09-17,0001104659-26-108653,0001839530,"XBP Global Holdings, Inc.",XBP,CHADHA PAR,Director,2026-09-15,204946.0,2.83,579997.18
2026-09-17,0001104659-26-108649,0001839530,"XBP Global Holdings, Inc.",XBP,Jonovic Andrej,"Director, Chief Executive Officer",2026-09-15,31500.0,2.83,89145.0
2026-09-17,0000945621-26-001157,0001858660,USVC Venture Capital Access Fund,N/A,Nagpal Ankur,Portfolio Manager,2026-09-10,1523.944,22.47,34243.02168
2026-09-17,0001213900-26-101024,0001980088,MACH NATURAL RESOURCES LP,MNR,McMullen William Wallace,"Director, 10% owner",2026-09-15,22124.0,11.25,248895.0
2026-09-17,0001213900-26-101024,0001980088,MACH NATURAL RESOURCES LP,MNR,McMullen William Wallace,"Director, 10% owner",2026-09-15,12390.0,11.3,140007.0
2026-09-17,0001366268-26-000006,0002007919,"Inhibrx Biosciences, Inc.",INBX,Kayyem Jon Faiz,Director,2026-09-16,5000.0,100.0,500000.0
2026-09-18,0000040417-26-000048,0000040417,GENERAL AMERICAN INVESTORS CO INC,GAM,Jin Samantha X.,Treasurer/PAO/PFO,2026-09-17,1000.0,23.66,23660.0
2026-09-18,0000040417-26-000048,0000040417,GENERAL AMERICAN INVESTORS CO INC,GAM,Jin Samantha X.,Treasurer/PAO/PFO,2026-09-17,2000.0,23.69,47380.0
2026-09-18,0000040417-26-000049,0000040417,GENERAL AMERICAN INVESTORS CO INC,GAM,Priest Jeffrey W,President & CEO,2026-09-18,4000.0,23.46,93840.0
2026-09-18,0001534574-26-000016,0000092230,TRUIST FINANCIAL CORP,TFC,Lyons Michael P.,"Director, President & CEO",2026-09-17,21000.0,48.3608,1015576.7999999999
2026-09-18,0001214659-26-011803,0000896493,"Hyperscale Data, Inc.",GPUS,Horne William B.,"Director, Chief Executive Officer",2026-09-16,1000.0,18.0,18000.0
2026-09-18,0001123292-26-001319,0001134115,INTERNATIONAL TOWER HILL MINES LTD,THM,Wiens David Victor,"Director, Chief Executive Officer",2026-09-16,83682.0,2.39,199999.98
2026-09-18,0001903596-26-000357,0001163389,NEW PEOPLES BANKSHARES INC,NWWP,COX JOHN D,Director,2026-09-17,12000.0,4.9,58800.00000000001
2026-09-18,0001437749-26-030745,0001408534,"First Guaranty Bancshares, Inc.",FGBI,McAnally Bruce,Director,2026-09-15,570.0,17.75,10117.5
2026-09-18,0001573298-26-000026,0001556739,"Thryv Holdings, Inc.",THRY,Walsh Joe,"Director, Chairman and CEO",2026-09-18,25000.0,1.8,45000.0
2026-09-18,0001456817-26-000015,0001561921,"TELA Bio, Inc.",TELA,Capper Joseph H,Director,2026-09-16,50000.0,1.1653,58265.0
2026-09-18,0001456817-26-000015,0001561921,"TELA Bio, Inc.",TELA,Capper Joseph H,Director,2026-09-17,25000.0,1.2212,30530.0
2026-09-18,0001982651-26-000004,0001617242,Kearny Financial Corp.,KRNY,Wong-Zaza Melvina,Director,2026-09-17,1560.0,9.635,15030.6
2026-09-18,0001104659-26-108719,0001625414,Baozun Inc.,BZUN,Qiu Wenbin,"Director, Chief Executive Officer",2026-09-16,7300.0,2.74,20002.0
2026-09-18,0001104659-26-108719,0001625414,Baozun Inc.,BZUN,Qiu Wenbin,"Director, Chief Executive Officer",2026-09-17,7100.0,2.84,20164.0
2026-09-18,0001712189-26-000061,0001712189,Target Hospitality Corp.,TH,Schrenk Troy C.,Chief Commercial Officer,2026-09-18,5907.0,21.16,124992.12
2026-09-18,0001628280-26-062623,0001715497,Borr Drilling Ltd,BORR,Troim Tor Olav,Director,2026-09-17,150000.0,4.3795,656925.0
2026-09-18,0001628280-26-062756,0001822523,Advanced Flower Capital Inc.,AFCG,TANNENBAUM LEONARD M,"Director, 10% owner",2026-09-17,25000.0,3.5,87500.0
2026-09-18,0001213900-26-101513,0001940177,"PodcastOne, Inc.",PODC,MERRIMAN D JONATHAN,Director,2026-09-16,7700.0,2.3,17710.0
2026-09-18,0001493152-26-043376,0002013320,Eastern International Ltd.,ELOG,Wong Albert,"Director, Chief Executive Officer, 10% owner",2026-08-27,200000.0,1.0,200000.0
2026-09-18,0001193125-26-395097,0002040127,Karman Holdings Inc.,KRMN,Petryszyn Mary D,Director,2026-09-16,500.0,37.4399,18719.95
2026-09-18,0001193125-26-395098,0002040127,Karman Holdings Inc.,KRMN,Stinnett David,Director,2026-09-16,27000.0,37.3203,1007648.1000000001
2026-09-18,0001193125-26-395095,0002040127,Karman Holdings Inc.,KRMN,Twitty Stephen,Director,2026-09-16,275.0,36.79,10117.25
2026-09-21,0001332596-26-000007,0000015847,BUTLER NATIONAL CORP,BUKS,Daly Joseph Patrick,"Director, 10% owner",2026-09-21,4000.0,4.1,16400.0
2026-09-21,0001294280-26-000006,0000723603,CULP INC,CULP,CULP ROBERT GEORGE IV,"Director, President & CEO",2026-09-18,4874.0,3.78,18423.719999999998
2026-09-21,0001758710-26-000004,0000930236,REDWOOD TRUST INC,RWT,Macomber Sasha G.,Chief Human Resource Officer,2026-09-21,4895.0,4.0792,19967.684
2026-09-21,0001487805-26-000004,0000930236,REDWOOD TRUST INC,RWT,Stone Andrew P,Chief Legal Officer,2026-09-21,5000.0,4.1187,20593.499999999996
2026-09-21,0001108524-26-000212,0001108524,"Salesforce, Inc.",CRM,Kirk David Blair,Director,2026-09-18,4176.0,239.3321,999450.8496
2026-09-21,0001292814-26-004619,0001160330,BANK BRADESCO,BBD,Panico Alexandre,Executive Officer,2026-09-18,43620.0,17.98,784287.6
2026-09-21,0001292814-26-004615,0001160330,BANK BRADESCO,BBD,Pedras Carlos Henrique Villela,Executive Officer,2026-09-18,55850.0,17.98,1004183.0
2026-09-21,0001292814-26-004625,0001160330,BANK BRADESCO,BBD,da Cunha Paulo Roberto Simoes,Director,2026-09-18,46874.0,17.98,842794.52
2026-09-21,0001292814-26-004621,0001160330,BANK BRADESCO,BBD,de Oliveira Andre Luis Duarte,Executive Officer,2026-09-18,309111.0,17.98,5557815.78
2026-09-21,0001292814-26-004617,0001160330,BANK BRADESCO,BBD,de Souza Cintia Scovine Barcelos,Executive Officer,2026-09-18,60093.0,17.98,1080472.1400000001
2026-09-21,0001840485-26-000008,0001326380,GameStop Corp.,GME,Attal Alain,Director,2026-09-21,17500.0,22.969,401957.5
2026-09-21,0000921895-26-002608,0001326380,GameStop Corp.,GME,Cohen Ryan,"Director, President, CEO and Chairman",2026-09-21,1150680.0,22.9375,26393722.5
2026-09-21,0001379664-26-000002,0001366868,"Globalstar, Inc.",GSAT,Monroe James III,"Director, 10% owner",2026-09-18,361600.0,82.52,29839232.0
2026-09-21,0001193125-26-396060,0001500881,enCore Energy Corp.,EU,SHERIFF WILLIAM M,"Director, Executive Chairman",2026-09-18,100000.0,0.81,81000.0
2026-09-21,0001193125-26-396060,0001500881,enCore Energy Corp.,EU,SHERIFF WILLIAM M,"Director, Executive Chairman",2026-09-18,25000.0,0.81,20250.0
2026-09-21,0001628280-26-062926,0001524025,"TILLY'S, INC.",TLYS,Henry Michael,CFO,2026-09-21,5000.0,4.02,20099.999999999996
2026-09-21,0001628280-26-062804,0001715497,Borr Drilling Ltd,BORR,Morand De Oliveira Bruno,Chief Executive Officer,2026-09-18,45500.0,4.4,200200.00000000003
2026-09-21,0001104659-26-109383,0001726126,Epsilon Energy Ltd.,EPSN,Stabell Jason,"Director, Chief Executive Officer",2026-09-16,8207.0,5.88,48257.159999999996
2026-09-21,0001104659-26-109383,0001726126,Epsilon Energy Ltd.,EPSN,Stabell Jason,"Director, Chief Executive Officer",2026-09-21,13467.0,5.93,79859.31
2026-09-21,0001091482-26-000015,0001774675,Skillsoft Corp.,SKIL,HOVSEPIAN RONALD W,"Director, CEO & Executive Chair",2026-09-17,2691.0,6.1651,16590.2841
2026-09-21,0001091482-26-000015,0001774675,Skillsoft Corp.,SKIL,HOVSEPIAN RONALD W,"Director, CEO & Executive Chair",2026-09-18,12777.0,6.5176,83275.3752
2026-09-21,0000912282-26-001293,0001833141,CYBIN INC.,CYBN,Halstead Michael,Chief Executive Officer,2026-09-21,100000.0,13.4705,1347050.0
2026-09-21,0002026373-26-000010,0001855612,Grab Holdings Ltd,GRAB,Hungate Alexander Charles,"Director, President and COO",2026-09-21,299571.0,2.8936,866838.6456
2026-09-21,0001896497-26-000009,0001855612,Grab Holdings Ltd,GRAB,Tan Anthony Ping Yeow,"Director, Chief Executive Officer",2026-09-21,10350000.0,2.8866,29876310.0
2026-09-21,0001213900-26-101846,0001892704,"First Breach, Inc.",FBDT,LEITH CHARLES KENNETH,Chief Revenue Officer,2026-09-18,50000.0,0.9066,45330.0
2026-09-21,0001213900-26-101864,0001940177,"PodcastOne, Inc.",PODC,MERRIMAN D JONATHAN,Director,2026-09-18,6700.0,2.36,15812.0
2026-09-21,0001683168-26-007242,0001953988,Helio Corp /FL/,HLEO,Knauf Mark Harry,Chief Financial Officer,2026-09-17,10700.0,1.46,15622.0
2026-09-21,0001193125-26-397056,0001956439,Enhanced Group Inc.,ENHA,Apeiron Investment Group Ltd.,"Director, 10% owner",2026-09-17,6080047.0,1.15,6992054.05
2026-09-21,0001981599-26-000127,0001981599,"Centuri Holdings, Inc.",CTRI,DeMaria Dustin,Director,2026-09-18,5200.0,19.27,100204.0
2026-09-22,0001332596-26-000008,0000015847,BUTLER NATIONAL CORP,BUKS,Daly Joseph Patrick,"Director, 10% owner",2026-09-22,5000.0,4.01,20050.0
2026-09-22,0001437749-26-030864,0000709337,FARMERS NATIONAL BANC CORP /OH/,FMNB,Richardson Gina A,Director,2026-09-21,1430.0,15.35,21950.5
2026-09-22,0002032661-26-000003,0000723603,CULP INC,CULP,Hunsberger Mary Elizabeth,Chief Financial Officer,2026-09-22,5000.0,3.6,18000.0
2026-09-22,0001493152-26-043791,0000788611,"NextTrip, Inc.",NTRP,Kaplan Andrew Jay,Director,2026-09-17,52910.0,1.89,99999.9
2026-09-22,0000851520-26-000101,0000851520,EXPONENT INC,EXPO,Souri Shukri Jeries,Group Vice President,2026-09-18,184.0,68.4452,12593.916799999999
2026-09-22,0001292814-26-004635,0001160330,BANK BRADESCO,BBD,Alvarez Denise Aguiar,Director,2026-09-18,130596.0,17.98,2348116.08
2026-09-22,0001292814-26-004638,0001160330,BANK BRADESCO,BBD,Alvarez Rubens Aguiar,Director,2026-09-18,46874.0,17.98,842794.52
2026-09-22,0001292814-26-004650,0001160330,BANK BRADESCO,BBD,Bueno Julio Cesar,Executive Officer,2026-09-18,56355.0,17.98,1013262.9
2026-09-22,0001292814-26-004666,0001160330,BANK BRADESCO,BBD,Caffarelli Paulo Rogerio,Director,2026-09-18,31266.0,17.98,562162.68
2026-09-22,0001292814-26-004664,0001160330,BANK BRADESCO,BBD,Favarao Vinicius Urias,Executive Officer,2026-09-18,60492.0,17.98,1087646.16
2026-09-22,0001292814-26-004654,0001160330,BANK BRADESCO,BBD,Fernandes Oswaldo Tadeu,Executive Officer,2026-09-18,79782.0,17.98,1434480.36
2026-09-22,0001292814-26-004648,0001160330,BANK BRADESCO,BBD,Freiberger Fernando,Executive Officer,2026-09-18,49550.0,17.98,890909.0
2026-09-22,0001292814-26-004660,0001160330,BANK BRADESCO,BBD,Machado Silvana Rosa,Executive Officer,2026-09-18,62048.0,17.98,1115623.04
2026-09-22,0001292814-26-004656,0001160330,BANK BRADESCO,BBD,Mantarro Renata Geiser,Executive Officer,2026-09-18,54760.0,17.98,984584.8
2026-09-22,0001292814-26-004642,0001160330,BANK BRADESCO,BBD,Marcilio Juliano Ribeiro,Executive Officer,2026-09-18,60779.0,17.98,1092806.42
2026-09-22,0001292814-26-004644,0001160330,BANK BRADESCO,BBD,Nunes Regina Helena Jorge,Director,2026-09-18,31266.0,17.98,562162.68
2026-09-22,0001292814-26-004658,0001160330,BANK BRADESCO,BBD,Paris Roberto de Jesus,Executive Officer,2026-09-18,96702.0,17.98,1738701.96
2026-09-22,0001292814-26-004633,0001160330,BANK BRADESCO,BBD,Pavarina Denise Pauli,Director,2026-09-18,46874.0,17.98,842794.52
2026-09-22,0001292814-26-004646,0001160330,BANK BRADESCO,BBD,Ramalho Miranda Jose Augusto,Executive Officer,2026-09-18,63719.0,17.98,1145667.62
2026-09-22,0001292814-26-004652,0001160330,BANK BRADESCO,BBD,Tescarolo Marcos Valerio,Executive Officer,2026-09-18,57012.0,17.98,1025075.76
2026-09-22,0001292814-26-004662,0001160330,BANK BRADESCO,BBD,de Oliveira Tulio Xavier,Executive Officer,2026-09-18,55444.0,17.98,996883.12
2026-09-22,0001903596-26-000363,0001163389,NEW PEOPLES BANKSHARES INC,NWPP,White Blaine Scott,"Director, 10% owner",2026-09-15,5000.0,4.85,24250.0
2026-09-22,0001193125-26-397672,0001228454,BCB BANCORP INC,BCBP,Chaudhry Jawad,CHIEF FINANCIAL OFFICER,2026-09-18,10000.0,7.75,77500.0
2026-09-22,0001193125-26-397677,0001228454,BCB BANCORP INC,BCBP,OBrien Thomas M,"Director, CHIEF EXECUTIVE OFFICER",2026-09-18,160000.0,7.75,1240000.0
2026-09-22,0001079973-26-001266,0001396536,"DUOS TECHNOLOGIES GROUP, INC.",DUOT,Nixon James Craig,Director,2026-09-18,2857.0,8.5,24284.5
2026-09-22,0001079973-26-001266,0001396536,"DUOS TECHNOLOGIES GROUP, INC.",DUOT,Nixon James Craig,Director,2026-09-18,2907.2907,8.6,25002.70002
2026-09-22,0001193125-26-397218,0001500881,enCore Energy Corp.,EU,Little Richard H,"Director, Chief Executive Officer",2026-09-21,10000.0,1.06,10600.0
2026-09-22,0001493152-26-043697,0001509470,Neostellar Capital Corp.,NSLR,Klein Mark D,"Director, Chairman, CEO and President",2026-09-21,5000.0,7.91,39550.0
2026-09-22,0001493152-26-043640,0001560258,"electroCore, Inc.",ECOR,Errico Thomas J.,Director,2026-09-14,5000.0,9.8163,49081.5
2026-09-22,0001571123-26-000145,0001571123,Science Applications International Corp,SAIC,Cush C. David,Director,2026-09-22,1000.0,132.5,132500.0
2026-09-22,0001594983-26-000015,0001580345,TriplePoint Venture Growth BDC Corp.,TPVG,Labe James,"Director, Chief Executive Officer",2026-09-18,313865.22,4.7061,1477081.111842
2026-09-22,0001193125-26-397230,0001584549,"Village Farms International, Inc.",VFF,DEGIGLIO MICHAEL A,"Director, Chief Executive Officer",2026-09-22,35000.0,2.8931,101258.5
2026-09-22,0001193125-26-397890,0001584549,"Village Farms International, Inc.",VFF,Woodward Christopher C.,Director,2026-09-22,10000.0,3.058,30580.0
2026-09-22,0001104659-26-109444,0001625414,Baozun Inc.,BZUN,Qiu Wenbin,"Director, Chief Executive Officer",2026-09-18,7000.0,2.88,20160.0
2026-09-22,0001104659-26-109444,0001625414,Baozun Inc.,BZUN,Qiu Wenbin,"Director, Chief Executive Officer",2026-09-21,6900.0,2.85,19665.0
2026-09-22,0001193125-26-397254,0001638290,"MasterCraft Boat Holdings, Inc.",MCFT,LEEMPUTTE PETER G,Director,2026-09-18,1265.0,19.73,24958.45
2026-09-22,0001104659-26-109712,0001653384,Runway Growth Finance Corp.,RWAY,Goldthorpe Edward J.,Director,2026-09-21,3749.0,6.72,25193.28
2026-09-22,0001104659-26-109712,0001653384,Runway Growth Finance Corp.,RWAY,Goldthorpe Edward J.,Director,2026-09-22,6251.0,6.76,42256.76
2026-09-22,0001662991-26-000158,0001662991,Sezzle Inc.,SEZL,Hunt Bryan Cecil,Director,2026-09-18,250.0,115.86,28965.0
2026-09-22,0001628280-26-063099,0001822523,Advanced Flower Capital Inc.,AFCG,TANNENBAUM LEONARD M,"Director, 10% owner",2026-09-18,10000.0,3.49,34900.0
2026-09-22,0001628280-26-063056,0001829247,"BullFrog AI Holdings, Inc.",BFRG,Blacher Joshua,Chief Financial Officer,2026-09-22,50000.0,0.5285,26425.0
2026-09-22,0001628280-26-063054,0001829247,"BullFrog AI Holdings, Inc.",BFRG,Singh Vininder,"Director, Chief Executive Officer, 10% owner",2026-09-22,75000.0,0.5989,44917.5
2026-09-22,0001868941-26-000050,0001868941,"Fluence Energy, Inc.",FLNC,BULLS HERMAN E,Director,2026-09-21,10000.0,7.36,73600.0
2026-09-22,0001868941-26-000048,0001868941,"Fluence Energy, Inc.",FLNC,von Heynitz Harald,Director,2026-09-21,7000.0,7.36,51520.0
2026-09-22,0001976408-26-000862,0001901279,Nayax Ltd.,NYAX,Ben-Avi David,"Director, CTO and Co Founder",2026-09-17,1014.0,42.9098,43510.5372
2026-09-22,0001140361-26-037356,0002012139,Fortress Private Lending Fund,NONE,Dreyfuss Avraham,Chief Financial Officer,2026-09-18,4133.0,24.1947,99996.6951
2026-09-22,0001140361-26-037358,0002012139,Fortress Private Lending Fund,NONE,Munro Lucy Lu,"Director, Chief Operating Officer",2026-09-18,4133.0,24.1947,99996.6951
2026-09-23,0000040417-26-000050,0000040417,GENERAL AMERICAN INVESTORS CO INC,GAM,Grassi Craig Anthony,Vice-President,2026-09-22,2000.0,23.08,46160.0
2026-09-23,0001239944-26-000080,0000046129,ALLIENT INC,ALNT,Winter Michael R,Director,2026-09-23,457.0,108.97,49799.29
2026-09-23,0001191569-26-000012,0000097134,TENNANT CO,TNC,ALLEN PATRICK E,Director,2026-08-31,3000.0,69.4168,208250.4
2026-09-23,0001747962-26-000007,0000917251,AGREE REALTY CORP,ADC,Erlich Craig,CHIEF GROWTH OFFICER,2026-09-21,1000.0,67.55,67550.0
2026-09-23,0001171843-26-006194,0001095435,Alpha Compute Corp,ALP,Villani Fiorenzo,"Director, See Remarks",2026-09-22,10000.0,4.4047,44047.0
2026-09-23,0001193125-26-399888,0001261654,UNIVERSAL TECHNICAL INSTITUTE INC,UTI,DEVINCENZI ROBERT THOMAS,Director,2026-09-21,1000.0,19.8333,19833.300000000003
2026-09-23,0001553350-26-000136,0001396536,"DUOS TECHNOLOGIES GROUP, INC.",DUOT,Recker Frank Douglas,"Director, Chief Executive Officer",2026-09-22,9250.0,9.1413,84557.025
2026-09-23,0001213900-26-102459,0001439124,AXIA Energia S.A.,AXIA3,Batista de Lima Filho Pedro,Director,2026-09-21,51700.0,10.55,545435.0
2026-09-23,0001213900-26-102459,0001439124,AXIA Energia S.A.,AXIA3,Batista de Lima Filho Pedro,Director,2026-09-21,11500.0,10.55,121325.00000000001
2026-09-23,0001213900-26-102459,0001439124,AXIA Energia S.A.,AXIA3,Batista de Lima Filho Pedro,Director,2026-09-21,16900.0,10.55,178295.0
2026-09-23,0001213900-26-102459,0001439124,AXIA Energia S.A.,AXIA3,Batista de Lima Filho Pedro,Director,2026-09-21,10200.0,10.55,107610.0
2026-09-23,0001398344-26-017349,0001551047,Bluerock Private Real Estate Fund,BPRE,MacDonald Ryan S,Director,2026-09-21,10400.0,11.9733,124522.32
2026-09-23,0001183254-26-000006,0001747172,"Kayne Anderson BDC, Inc.",KBDC,ROBO JAMES L,Director,2026-09-22,20841.0,13.135,273746.535
2026-09-23,0001183254-26-000006,0001747172,"Kayne Anderson BDC, Inc.",KBDC,ROBO JAMES L,Director,2026-09-23,94120.0,13.079,1230995.48
2026-09-23,0001091482-26-000017,0001774675,Skillsoft Corp.,SKIL,HOVSEPIAN RONALD W,"Director, CEO & Executive Chair",2026-09-21,8325.0,6.0987,50771.6775
2026-09-23,0002087925-26-000006,0001805526,DeFi Development Corp.,DFDV,Kang Daniel,Chief Strategy Officer,2026-09-22,6900.0,8.84,60996.0
2026-09-23,0002087925-26-000006,0001805526,DeFi Development Corp.,DFDV,Kang Daniel,Chief Strategy Officer,2026-09-22,3540.0,8.81,31187.4
2026-09-23,0001193125-26-399359,0001819493,"Xos, Inc.",XOS,Mattson George N,Director,2026-09-21,4062.0,2.6,10561.2
2026-09-23,0001493152-26-043852,0001983736,Eva Live Inc,GOAI,Boulette David,"Director, Chief Executive Officer, 10% owner",2026-09-22,18478.0,2.03,37510.34
2026-09-23,0001213900-26-102629,0001998768,"Proficient Auto Logistics, Inc",PAL,Lux Steven F,Director,2026-09-21,6000.0,4.01,24060.0
2026-09-23,0001366268-26-000011,0002007919,"Inhibrx Biosciences, Inc.",INBX,Kayyem Jon Faiz,Director,2026-09-23,5000.0,100.0,500000.0
2026-09-23,0001493152-26-043846,0002027360,RedCloud Holdings plc,RCT,Floyd Justin Beck Hinton,"Director, Chief Executive Officer",2026-09-22,74000.0,2.5,185000.0
2026-09-23,0002029118-26-000108,0002029118,"INFINITY NATURAL RESOURCES, INC.",INR,Gieselman Scott,Director,2026-09-21,18467.0,12.624,233127.408
2026-09-23,0002029118-26-000108,0002029118,"INFINITY NATURAL RESOURCES, INC.",INR,Gieselman Scott,Director,2026-09-22,10000.0,13.065,130650.0
2026-09-23,0001193125-26-399896,0002067955,Diameter Dynamic Credit Fund,NONE,Lewinsohn Jonathan,Co-President,2026-09-10,98814.229,10.12,999999.99748
2026-09-23,0000947871-26-000881,0002088082,"Electra Therapeutics, Inc.",ETRA,GORDON CARL L,"Director, 10% owner",2026-09-21,333333.0,15.0,4999995.0
2026-09-23,0000947871-26-000881,0002088082,"Electra Therapeutics, Inc.",ETRA,GORDON CARL L,"Director, 10% owner",2026-09-21,1000000.0,15.0,15000000.0
2026-09-23,0000947871-26-000880,0002088082,"Electra Therapeutics, Inc.",ETRA,ORBIMED ADVISORS LLC,"Director, 10% owner",2026-09-21,333333.0,15.0,4999995.0
2026-09-23,0000947871-26-000880,0002088082,"Electra Therapeutics, Inc.",ETRA,ORBIMED ADVISORS LLC,"Director, 10% owner",2026-09-21,1000000.0,15.0,15000000.0
2026-09-23,0001493152-26-043974,0002096362,AIAI Holdings Corp,AIAI,Affeldt Eric,Director,2026-09-22,42857.0,3.5,149999.5
2026-09-23,0001213900-26-102533,0002114459,Cascade Real Assets Fund,CRAFX,Nesbitt Stephen Lane,"Director, President",2026-09-21,500000.0,10.0,5000000.0
